CUSTOMER_ID,TOTAL_ORDERS
14911,398
12748,336
17841,211
15311,208
13089,203
14606,192
14156,156
17850,155
14646,151
18102,145
13694,143
15061,127
14527,122
17949,118
12971,116
13798,110
16422,109
16029,107
13408,106
17961,100
15039,93
16013,84
14298,82
12471,79
17377,78
12921,74
13767,73
13468,72
17675,70
17243,69
13199,67
16168,66
17389,61
13777,61
17511,60
14680,58
13319,58
12931,57
13078,57
17757,56
15005,56
14735,56
16133,56
13093,55
16684,55
14667,54
17677,54
17920,54
16779,53
15078,53
12682,52
18172,52
15856,52
17450,51
16525,48
17811,47
15615,47
17068,47
15189,46
15769,46
17448,46
17865,46
12681,45
17428,45
14031,44
15498,44
16839,44
14560,44
13881,43
14849,43
16161,43
17315,43
17581,43
15358,42
16746,42
16705,42
12835,41
17576,41
15738,41
12841,40
15291,40
13263,39
12437,39
14543,39
13854,39
13069,38
16558,38
17381,38
14895,38
18109,38
18041,38
16353,38
15581,38
16782,38
14051,37
13564,37
13113,37
13102,37
13004,36
14194,36
15555,36
13267,36
16814,36
12647,36
13668,35
16843,35
12621,35
13969,35
15044,35
15513,35
16210,35
13050,35
13018,35
13534,35
14040,35
15838,34
15159,34
15768,34
12709,34
16549,34
16553,33
14110,33
14180,33
12989,33
12540,33
13001,33
13599,33
14085,33
16945,33
15465,32
16713,32
17238,32
12569,32
14952,32
16923,32
15867,31
15719,31
17706,31
13418,31
12474,31
17858,30
12720,30
13230,30
14060,30
15805,30
16656,30
15601,30
15984,30
16458,30
12843,30
17848,30
17017,29
15144,29
16754,29
13013,29
13999,29
15640,29
18118,29
16928,29
12482,29
16011,29
18065,29
14702,29
17965,29
13098,28
18061,28
18229,28
12901,28
13576,28
13097,28
17372,28
15194,28
17364,28
13081,28
16523,28
12415,28
15827,28
14688,28
16592,28
17085,28
17611,28
18231,28
13269,28
14299,27
17696,27
14796,27
16033,27
13491,27
16019,27
12583,27
12431,27
12839,26
18225,26
17346,26
15547,26
14534,26
15290,26
14562,26
18226,26
15611,26
16701,26
16186,26
13571,26
13148,26
12747,26
18223,26
17735,26
14878,25
16700,25
14755,25
15046,25
14709,25
14739,25
17231,25
14282,25
15260,25
15570,25
17888,25
14258,25
16607,25
17139,25
15898,25
15694,24
14092,24
14135,24
13090,24
16326,24
16191,24
16919,24
17857,24
13047,24
17975,24
15125,24
14062,24
17716,24
15271,24
14825,24
12476,23
14415,23
14056,23
15298,23
15129,23
13488,23
13756,23
17402,23
17404,23
16401,23
12523,23
14291,23
18008,23
14217,23
18260,23
16497,23
16931,23
16393,23
15093,23
16985,23
15527,23
13426,22
15955,22
15218,22
18283,22
14961,22
14057,22
14607,22
12949,22
16722,22
14401,22
16333,22
16103,22
16710,22
17416,22
13985,22
13552,22
12712,21
16729,21
15251,21
15808,21
14239,21
13983,21
17287,21
13178,21
15270,21
15981,21
14713,21
17306,21
15874,21
13082,21
17220,21
18241,21
12678,21
15854,21
12600,21
12980,21
12490,21
12683,21
16904,21
14159,20
12417,20
13327,20
16570,20
16670,20
14099,20
14030,20
17690,20
12662,20
18245,20
17790,20
17809,20
17884,20
14590,20
14395,20
12939,20
16156,20
14344,20
12877,20
17730,20
17969,20
13769,20
15544,20
17644,20
18075,20
16954,20
16170,20
17799,20
16672,20
15023,20
13911,20
17954,19
13993,19
17049,19
13802,19
12472,19
18144,19
13317,19
14422,19
14866,19
14505,19
17157,19
14397,19
13394,19
16883,19
13027,19
14944,19
17091,19
14732,19
12483,19
17001,19
15059,19
12500,19
13266,19
16145,19
13629,19
15482,19
17894,18
13117,18
18092,18
15249,18
13709,18
14341,18
15514,18
15971,18
17861,18
14211,18
13831,18
17218,18
15953,18
17612,18
17504,18
17739,18
17512,18
17589,18
13324,18
17873,18
17419,18
13842,18
18044,18
17230,18
18077,18
15750,18
16550,18
12823,18
12708,18
14852,18
17340,18
13590,18
17293,17
13021,17
12731,17
12422,17
15301,17
14096,17
15606,17
17769,17
16745,17
18219,17
13880,17
14525,17
13141,17
15796,17
18087,17
16626,17
13871,17
15373,17
17160,17
13715,17
13542,17
15755,17
12524,17
14800,17
14426,17
17491,17
14243,17
18198,17
16444,17
17469,17
15860,17
17663,17
14769,17
15622,17
13963,17
15628,17
17314,17
16905,17
17338,17
16556,17
14221,17
16652,16
13695,16
14189,16
16918,16
16775,16
14907,16
14388,16
15235,16
16686,16
16327,16
15998,16
13305,16
15521,16
13728,16
14045,16
15523,16
15281,16
15058,16
15939,16
14113,16
13458,16
17940,16
15024,16
16241,16
14032,16
16359,16
14367,16
15785,16
15602,16
14088,16
13634,16
13162,16
14210,16
14867,16
17651,16
18168,16
14292,16
13225,16
14530,16
13137,16
17412,16
17460,16
15187,16
13883,15
17867,15
16638,15
13183,15
16027,15
17442,15
16293,15
15727,15
14227,15
17519,15
16126,15
18037,15
16008,15
14648,15
14776,15
12594,15
14209,15
12567,15
16225,15
13870,15
13758,15
12481,15
16767,15
16466,15
16794,15
15885,15
16258,15
17719,15
14733,15
12836,15
12935,15
14064,15
14701,15
17365,15
14329,15
16187,15
15660,15
14191,15
17191,15
13901,15
13941,15
16255,15
16365,15
12951,15
15910,15
15203,15
12395,15
16912,15
15518,15
16791,15
14134,15
16742,14
14898,14
14047,14
13995,14
18055,14
15034,14
16407,14
13971,14
17368,14
17931,14
12779,14
16748,14
16735,14
16242,14
15681,14
14541,14
15031,14
17613,14
17659,14
15571,14
17069,14
16125,14
13784,14
17457,14
17913,14
17396,14
17602,14
13890,14
12705,14
16743,14
17988,14
13952,14
16266,14
15443,14
15152,14
13593,14
13875,14
14841,14
16098,14
14882,14
16709,14
16719,14
17700,14
16717,14
13610,14
14744,14
16725,14
16395,14
15502,14
13126,13
16712,13
13094,13
17449,13
17213,13
17930,13
15365,13
17146,13
17071,13
17596,13
15356,13
14828,13
13735,13
13136,13
16668,13
15633,13
17406,13
17738,13
16351,13
15858,13
15674,13
14101,13
16764,13
14390,13
17188,13
16992,13
14524,13
14810,13
15696,13
14049,13
16456,13
14466,13
15150,13
16655,13
14710,13
17063,13
15916,13
12757,13
12910,13
14177,13
14461,13
13448,13
13557,13
15015,13
14440,13
16218,13
14112,13
15965,13
14573,13
17228,13
18094,13
17905,13
13700,13
17211,13
14404,13
13450,13
16206,13
12957,13
17838,13
13555,13
17090,13
17754,13
15804,13
17870,13
16180,13
17426,13
12599,13
18116,13
16316,13
13209,13
13206,13
15862,13
16600,13
16817,13
12867,13
15179,13
17673,13
13782,13
12913,13
13984,12
15550,12
15296,12
14146,12
17863,12
13824,12
17819,12
16131,12
15240,12
12826,12
16143,12
17044,12
13975,12
17236,12
14249,12
16085,12
15712,12
15312,12
14653,12
17692,12
12924,12
13953,12
15967,12
12553,12
18257,12
17526,12
13092,12
17530,12
12714,12
14963,12
14515,12
14593,12
16325,12
14462,12
17351,12
13538,12
16265,12
15641,12
15861,12
14868,12
15529,12
15081,12
16678,12
17227,12
17323,12
13110,12
14901,12
14467,12
16059,12
17241,12
17552,12
14692,12
17758,12
18236,12
17324,12
15382,12
15321,12
14676,12
14936,12
17646,12
12963,12
16873,12
15114,12
18073,12
12637,12
16409,12
12872,12
13313,12
15812,12
16200,12
17133,12
14970,12
17652,12
13174,12
16434,12
14745,12
13742,12
14482,12
12928,12
14451,12
17929,12
17685,12
15021,12
16115,12
13680,12
12643,12
13527,12
13659,12
13340,12
15903,12
14334,12
12346,12
12484,12
16841,12
13381,12
13037,12
13451,11
14312,11
14626,11
15845,11
17092,11
17268,11
15241,11
15434,11
14132,11
14016,11
18097,11
18064,11
17618,11
16875,11
15722,11
12744,11
14532,11
14723,11
13291,11
14546,11
16915,11
13268,11
15369,11
13719,11
17288,11
13213,11
17470,11
16347,11
13931,11
16983,11
15394,11
14533,11
12782,11
13561,11
16987,11
17019,11
16986,11
12676,11
13654,11
17061,11
12853,11
14711,11
16332,11
13477,11
17705,11
14854,11
14441,11
15122,11
16153,11
18178,11
12598,11
17050,11
17096,11
14625,11
13384,11
13929,11
13446,11
13173,11
13485,11
16470,11
16503,11
16818,11
16128,11
14410,11
17994,11
18145,11
16455,11
12726,11
16531,11
16477,11
14465,11
15079,11
14004,11
18069,11
15329,11
14107,11
14502,11
12955,11
15716,11
13015,11
14766,11
14915,11
13520,11
12820,11
17388,11
13856,11
13750,11
13510,11
13631,11
17742,11
14704,11
13012,11
17422,11
15182,11
14408,11
14309,11
15367,11
12755,11
17682,11
14540,11
17180,11
18036,11
16837,11
16891,11
16094,11
13662,11
14507,11
12664,11
17609,11
17262,11
14608,11
12380,11
13246,11
14083,11
13577,11
13044,11
12362,11
15380,11
12891,11
14572,11
16016,11
17725,11
16010,11
14740,11
13014,11
15751,11
15222,11
17307,11
17593,11
13077,11
13481,11
15819,10
15572,10
15033,10
15906,10
16208,10
14623,10
16950,10
16813,10
15199,10
16271,10
14748,10
17454,10
14609,10
14493,10
14498,10
13184,10
17572,10
17203,10
15456,10
17669,10
15483,10
12727,10
12838,10
14978,10
12613,10
16076,10
14861,10
16150,10
15569,10
12455,10
16571,10
12423,10
16771,10
17629,10
13884,10
13838,10
14790,10
12359,10
13722,10
12352,10
14201,10
13611,10
14081,10
16426,10
12619,10
14640,10
13869,10
15351,10
14824,10
15288,10
15410,10
13650,10
15680,10
17802,10
15299,10
17921,10
13115,10
14794,10
15950,10
14044,10
16515,10
15027,10
17720,10
13316,10
16086,10
14844,10
12433,10
17345,10
13495,10
16003,10
15532,10
16005,10
15013,10
16539,10
12668,10
17162,10
17409,10
15095,10
12970,10
17676,10
13397,10
17966,10
13211,10
17107,10
16057,10
13643,10
17075,10
12986,10
15421,10
14307,10
18135,10
13203,10
15134,10
17135,10
16858,10
13623,10
15732,10
13059,10
15938,9
13048,9
17750,9
15920,9
14205,9
18230,9
15687,9
15002,9
17634,9
17432,9
13026,9
16996,9
18177,9
18171,9
14535,9
15304,9
16416,9
13249,9
14063,9
12609,9
16809,9
13711,9
17289,9
14820,9
16770,9
16221,9
14078,9
14871,9
12937,9
12626,9
15708,9
15625,9
17655,9
13435,9
15255,9
13658,9
14649,9
17348,9
13588,9
16104,9
16158,9
14639,9
14456,9
15841,9
14409,9
17897,9
12766,9
14257,9
16350,9
14553,9
17686,9
13704,9
16400,9
15752,9
17774,9
13032,9
16197,9
13157,9
16279,9
13982,9
12562,9
12584,9
13107,9
17193,9
13104,9
14129,9
14514,9
14621,9
16711,9
14472,9
13771,9
17567,9
15227,9
14918,9
15596,9
15607,9
15306,9
16209,9
14277,9
15497,9
13693,9
15038,9
15747,9
15912,9
15673,9
12749,9
16907,9
15754,9
16933,9
18272,9
13208,9
14224,9
16233,9
17027,9
16182,9
18170,9
14001,9
14651,9
14659,9
14738,9
17800,9
14147,9
13118,9
14548,9
16979,9
17490,9
12494,9
14198,9
17667,9
16768,9
16984,9
13804,9
17147,9
15164,9
17204,9
17550,9
12510,9
13799,9
13755,9
16612,9
15426,9
16202,9
17515,9
12428,9
16500,9
17059,9
13862,9
14215,9
17083,9
15107,9
17097,9
16235,9
12948,9
16942,9
15105,9
12477,9
17126,9
18251,9
14035,9
16938,9
15605,9
14235,9
13748,9
13410,9
14837,9
15493,9
12530,9
12778,9
14587,9
15051,9
14460,9
14293,9
13259,9
14696,8
13139,8
12464,8
13647,8
15987,8
12759,8
14315,8
13240,8
13562,8
13813,8
17114,8
17006,8
17625,8
14905,8
13509,8
16940,8
13873,8
14595,8
14364,8
15983,8
15325,8
13329,8
13085,8
13431,8
13725,8
17797,8
17290,8
12557,8
17032,8
17528,8
15370,8
14770,8
15359,8
13848,8
12615,8
16499,8
15140,8
17560,8
13815,8
12577,8
14987,8
12589,8
17732,8
14685,8
17837,8
14449,8
16654,8
12388,8
15030,8
17707,8
12656,8
15580,8
14897,8
12982,8
17043,8
16119,8
12993,8
18093,8
16910,8
12347,8
13198,8
14913,8
14547,8
17109,8
12645,8
15793,8
14175,8
15489,8
15032,8
15658,8
14715,8
15473,8
13717,8
12457,8
12451,8
15400,8
15810,8
12408,8
15764,8
15073,8
15245,8
14414,8
14285,8
18242,8
16062,8
12976,8
12721,8
12704,8
17509,8
14584,8
16419,8
16283,8
14896,8
13772,8
15561,8
15737,8
13727,8
18009,8
17849,8
17508,8
17382,8
17173,8
15379,8
12576,8
17400,8
16880,8
15932,8
16560,8
16554,8
16172,8
16045,8
13421,8
14071,8
15062,8
14916,8
15117,8
13473,8
15661,8
18179,8
15632,8
14262,8
17284,8
12429,8
13958,8
13632,8
16042,8
15253,8
15882,8
14154,8
16774,8
12360,8
14798,8
15889,8
14025,8
15214,8
16348,8
16043,8
16081,8
13648,8
14522,8
15795,8
16065,8
15623,8
17924,8
16177,8
14290,8
13617,8
12997,8
14808,8
13988,8
12909,8
16899,8
13615,8
16593,8
12933,8
13549,8
12932,8
14399,8
17591,8
15911,8
12868,8
16190,8
15372,8
17997,8
17235,8
14167,8
12649,8
16960,8
14583,8
15549,8
14730,8
13851,8
15416,7
12802,7
16369,7
12370,7
16744,7
13202,7
14655,7
16298,7
17080,7
12633,7
16859,7
14021,7
15864,7
13196,7
16628,7
14855,7
17796,7
13242,7
14662,7
14492,7
17138,7
16906,7
17463,7
13437,7
12670,7
16099,7
16929,7
14229,7
12916,7
17726,7
16303,7
17633,7
17386,7
17095,7
15485,7
17465,7
14988,7
13539,7
17578,7
12539,7
13232,7
13536,7
13145,7
12623,7
15759,7
16823,7
16383,7
15811,7
14644,7
16107,7
13835,7
17723,7
13939,7
13052,7
12409,7
17744,7
15422,7
18210,7
14834,7
15353,7
16174,7
14758,7
17007,7
17451,7
14512,7
14496,7
12724,7
15834,7
14145,7
17434,7
15551,7
16726,7
18149,7
17362,7
14693,7
18287,7
17889,7
16755,7
16040,7
13554,7
17373,7
13888,7
17950,7
15215,7
18252,7
16308,7
12695,7
15777,7
15990,7
14477,7
17672,7
13736,7
13630,7
15996,7
16756,7
13752,7
14178,7
14506,7
15563,7
14850,7
15587,7
17164,7
13874,7
17869,7
14114,7
18259,7
12693,7
15100,7
16232,7
17115,7
16650,7
15141,7
14976,7
17768,7
14805,7
16430,7
16551,7
14829,7
15974,7
17588,7
14286,7
14160,7
15809,7
12684,7
13131,7
14396,7
18016,7
14673,7
16493,7
12480,7
13823,7
17002,7
12691,7
14499,7
13440,7
17350,7
14450,7
15985,7
15671,7
16007,7
16335,7
17155,7
15201,7
13280,7
17679,7
15980,7
16330,7
13685,7
16306,7
17937,7
14487,7
16892,7
17562,7
12854,7
15366,7
13214,7
16660,7
12775,7
13705,7
13362,7
16321,7
17101,7
14821,7
17631,7
15993,7
17585,7
17048,7
17812,7
12758,7
14276,7
14161,7
13277,7
18051,7
15800,7
16966,7
13138,7
14577,7
12627,7
14618,7
17190,7
16199,7
14006,7
16205,7
14152,7
15339,7
17883,7
16467,7
15901,7
12990,7
14741,7
14321,7
15392,7
12399,7
15453,7
14551,7
17623,7
16681,7
14665,7
16948,7
12840,7
14817,7
13743,7
14857,7
14669,7
14419,7
13979,7
13297,7
16474,7
16175,7
16699,7
15173,7
17935,7
17029,7
14442,7
16341,7
14233,7
13627,7
13591,7
16631,7
16609,7
16253,7
13152,7
12828,6
17615,6
12449,6
12947,6
17299,6
17082,6
17021,6
12857,6
16362,6
17854,6
13649,6
18268,6
15508,6
14127,6
13413,6
16658,6
14555,6
18151,6
17281,6
13821,6
12753,6
12830,6
13949,6
13019,6
17990,6
18096,6
15402,6
14681,6
14173,6
18139,6
12917,6
14306,6
16122,6
18062,6
17179,6
16510,6
14984,6
13573,6
12393,6
14075,6
12783,6
13346,6
18194,6
13285,6
13924,6
16872,6
12975,6
18122,6
14947,6
18276,6
15420,6
15638,6
12528,6
16239,6
16555,6
13589,6
13414,6
17545,6
17912,6
16163,6
14624,6
18258,6
17222,6
14421,6
17516,6
16633,6
14958,6
13515,6
15332,6
13764,6
12356,6
16049,6
14631,6
14289,6
13464,6
18001,6
16835,6
16120,6
14226,6
14883,6
16092,6
13309,6
17320,6
14513,6
14275,6
12631,6
16360,6
17974,6
13994,6
12701,6
15814,6
16511,6
13443,6
17113,6
18071,6
15506,6
16356,6
17955,6
18106,6
14869,6
17041,6
18180,6
17886,6
12601,6
15757,6
13892,6
13223,6
12849,6
13497,6
17081,6
17817,6
16676,6
15574,6
17137,6
14818,6
13900,6
17047,6
12391,6
13991,6
17414,6
15538,6
15491,6
17639,6
17214,6
15535,6
15101,6
12549,6
17031,6
13373,6
13192,6
18188,6
14403,6
16496,6
14434,6
17827,6
13155,6
17740,6
12435,6
13456,6
14503,6
12863,6
13330,6
16320,6
12765,6
16331,6
14370,6
16634,6
17702,6
15272,6
14432,6
14948,6
16934,6
16989,6
15789,6
17018,6
14870,6
18161,6
17420,6
15228,6
15822,6
14327,6
13238,6
17150,6
14966,6
17640,6
13531,6
13857,6
13895,6
16053,6
15208,6
13819,6
17183,6
14407,6
13296,6
13614,6
16173,6
13293,6
17851,6
17062,6
17874,6
18025,6
13405,6
16877,6
14930,6
14342,6
13889,6
14657,6
16790,6
14754,6
16184,6
12421,6
13787,6
14077,6
15855,6
17731,6
17816,6
15452,6
16032,6
17321,6
16611,6
17360,6
16889,6
14682,6
17621,6
13455,6
15197,6
14597,6
13523,6
16203,6
15484,6
15043,6
17604,6
16034,6
13064,6
12412,6
17076,6
16955,6
13655,6
13134,6
12919,6
15774,6
17086,6
17371,6
18221,6
16833,6
17760,6
17311,6
17343,6
13320,6
13417,6
15142,6
13723,6
16620,6
15797,6
12791,6
17734,6
13786,6
13503,6
18239,6
13959,6
16871,6
15110,6
12856,6
12685,6
17165,6
16440,6
17584,6
13946,6
14967,6
14912,6
16807,6
14447,6
13461,6
15220,6
12414,6
16563,6
14037,6
13079,6
16229,6
15704,6
15976,6
15028,6
14264,6
16520,6
14195,6
15089,6
16261,6
13761,6
15850,6
15584,6
13427,6
15003,6
17540,6
12402,6
13544,6
17259,6
14684,6
18220,6
16949,6
14188,6
15026,5
14389,5
18079,5
15665,5
15279,5
12454,5
12432,5
17131,5
17926,5
15969,5
12444,5
17908,5
17728,5
13524,5
12875,5
13310,5
15447,5
13546,5
16618,5
17159,5
12811,5
15807,5
13980,5
17266,5
14508,5
16943,5
16827,5
15223,5
18154,5
16414,5
13029,5
17770,5
12912,5
17242,5
15786,5
13476,5
12723,5
17813,5
15651,5
16750,5
15730,5
14332,5
16441,5
15393,5
16693,5
16201,5
12450,5
15186,5
15791,5
16354,5
14163,5
15847,5
13566,5
17580,5
16374,5
14232,5
14136,5
14698,5
16438,5
14454,5
16105,5
18211,5
16317,5
13065,5
13382,5
14934,5
17759,5
13579,5
16952,5
17332,5
12592,5
16832,5
13882,5
13499,5
17852,5
15022,5
18215,5
17871,5
17298,5
14247,5
15252,5
13168,5
16358,5
17034,5
16418,5
16224,5
17642,5
17025,5
12473,5
14439,5
13276,5
14320,5
14214,5
17722,5
17522,5
17244,5
17822,5
14511,5
15573,5
16825,5
14295,5
18237,5
15181,5
16569,5
13158,5
17656,5
13140,5
14013,5
14686,5
12987,5
17361,5
15815,5
13265,5
12358,5
15133,5
16226,5
12348,5
15530,5
15128,5
13258,5
12808,5
13902,5
12520,5
15111,5
12906,5
16947,5
15714,5
16442,5
15172,5
14446,5
16861,5
16017,5
13849,5
13031,5
14116,5
17158,5
15267,5
16167,5
13860,5
15881,5
13292,5
15511,5
15057,5
16792,5
15488,5
14628,5
16155,5
15132,5
18095,5
14708,5
16004,5
14186,5
15715,5
18022,5
17411,5
13425,5
18035,5
17764,5
12610,5
14615,5
15590,5
17521,5
14038,5
13239,5
17987,5
16718,5
16485,5
13956,5
14853,5
14719,5
16788,5
16066,5
13434,5
16797,5
13334,5
16998,5
15289,5
15717,5
16736,5
13641,5
17695,5
16532,5
16372,5
13220,5
17534,5
14691,5
18181,5
15637,5
17302,5
16566,5
15505,5
15608,5
17282,5
12502,5
13288,5
12573,5
12654,5
13502,5
14616,5
14994,5
17610,5
12517,5
15149,5
16014,5
15389,5
16777,5
12978,5
12381,5
13762,5
15917,5
15381,5
14565,5
15198,5
16946,5
15192,5
15123,5
14104,5
16385,5
15050,5
14346,5
16584,5
15972,5
17505,5
15594,5
16682,5
13575,5
15016,5
16926,5
16134,5
16895,5
13598,5
14643,5
15326,5
12908,5
16898,5
12527,5
15863,5
17189,5
17597,5
17714,5
17984,5
17555,5
17358,5
14256,5
17045,5
13506,5
14157,5
16139,5
17438,5
18101,5
14538,5
13466,5
14102,5
14216,5
14931,5
17864,5
15157,5
16087,5
15865,5
13323,5
14428,5
13692,5
15652,5
17349,5
16121,5
14005,5
13487,5
16784,5
15106,5
13167,5
14656,5
17322,5
18136,5
18277,5
13613,5
12728,5
12371,5
17571,5
17410,5
13740,5
14903,5
12406,5
14080,5
13808,5
14585,5
14236,5
15494,5
16037,5
14000,5
15890,5
16012,5
14437,5
16249,5
16546,5
14251,5
14316,5
17671,5
17042,5
13652,5
17341,5
17356,5
18190,5
17221,5
17648,5
15067,5
16625,5
16805,5
15646,5
13663,5
13243,5
13666,5
17436,5
12383,5
14105,5
14700,5
14443,5
16595,5
16412,5
16147,5
13357,5
16292,5
15266,5
17127,5
17681,5
15480,5
17709,5
16188,5
15579,5
14481,5
13636,5
12518,5
14859,5
12468,5
17554,5
14176,5
13462,5
12407,5
17054,5
17582,5
17256,5
16394,5
15287,5
13478,5
18173,5
17666,5
16287,5
13707,5
17829,5
15065,5
15413,5
15167,5
17429,5
16387,5
15577,5
16469,5
13989,5
13760,5
15224,5
17046,5
17329,5
13000,4
15116,4
13720,4
15803,4
12926,4
13005,4
15745,4
13433,4
17862,4
15669,4
16621,4
12960,4
17603,4
14865,4
12635,4
16110,4
12424,4
13644,4
14549,4
16637,4
15945,4
14959,4
17337,4
12703,4
12889,4
17237,4
12855,4
12897,4
15071,4
14360,4
16688,4
12936,4
13921,4
13368,4
13783,4
12977,4
12733,4
17201,4
16475,4
16596,4
13039,4
15826,4
15221,4
16623,4
16977,4
13753,4
16518,4
12504,4
15276,4
17430,4
16848,4
14130,4
16083,4
12578,4
13516,4
15679,4
15462,4
16838,4
15259,4
14199,4
15695,4
18232,4
15707,4
17152,4
13308,4
14480,4
16124,4
13304,4
15743,4
17664,4
14265,4
16344,4
12379,4
14182,4
17968,4
12463,4
16869,4
15206,4
13592,4
17502,4
15525,4
12586,4
17553,4
15237,4
13149,4
14569,4
13778,4
13147,4
15265,4
16692,4
18018,4
15799,4
14813,4
12605,4
16862,4
17376,4
14605,4
16130,4
15870,4
13080,4
14484,4
18039,4
17342,4
17353,4
13233,4
12679,4
15636,4
14962,4
14550,4
17548,4
14566,4
14554,4
14690,4
14714,4
13049,4
16169,4
14126,4
17003,4
16885,4
15428,4
12674,4
16769,4
14133,4
15879,4
15614,4
12806,4
15124,4
16048,4
16690,4
15872,4
13681,4
16384,4
18214,4
17239,4
16329,4
12680,4
16647,4
16176,4
17594,4
16519,4
12700,4
14343,4
13734,4
13950,4
14997,4
17523,4
14427,4
14420,4
18273,4
18196,4
16723,4
13569,4
12507,4
17035,4
14273,4
15952,4
13489,4
15136,4
13247,4
13684,4
14734,4
16529,4
16108,4
14998,4
14431,4
14475,4
14479,4
18002,4
13295,4
13301,4
14504,4
15145,4
14933,4
13415,4
17496,4
17763,4
13505,4
16445,4
15620,4
17608,4
17952,4
16544,4
17828,4
13041,4
15723,4
17771,4
16036,4
15656,4
15411,4
13429,4
13865,4
14591,4
13507,4
13201,4
17033,4
16473,4
17141,4
14272,4
17951,4
16636,4
14068,4
14819,4
14953,4
13940,4
12648,4
13055,4
17787,4
16101,4
13602,4
14336,4
14699,4
12644,4
14672,4
16588,4
13770,4
13587,4
18017,4
16159,4
16702,4
17624,4
17962,4
16812,4
17708,4
12377,4
14111,4
15476,4
14020,4
15873,4
12915,4
13878,4
13916,4
17746,4
17354,4
17255,4
13855,4
14352,4
12374,4
12844,4
17765,4
15900,4
15835,4
16342,4
13500,4
13471,4
13253,4
15048,4
16916,4
15624,4
13656,4
14322,4
13282,4
13512,4
13601,4
13795,4
13278,4
17370,4
13101,4
12972,4
17200,4
16696,4
13558,4
15944,4
17472,4
17753,4
17713,4
14204,4
14301,4
15921,4
14141,4
15184,4
14234,4
12418,4
17539,4
15649,4
17963,4
15664,4
14712,4
15958,4
17979,4
16296,4
13514,4
12920,4
12845,4
16707,4
12625,4
14455,4
14297,4
12952,4
17653,4
14452,4
14283,4
15675,4
17691,4
17073,4
16589,4
17330,4
16513,4
13846,4
14746,4
12876,4
13338,4
13908,4
13863,4
13360,4
14910,4
18203,4
17004,4
14478,4
17978,4
14139,4
13928,4
16836,4
13074,4
16072,4
16183,4
14725,4
13567,4
13217,4
12842,4
15500,4
15644,4
16801,4
12651,4
17557,4
16357,4
16146,4
13976,4
16096,4
15618,4
17808,4
13393,4
16361,4
14379,4
12597,4
16080,4
16463,4
18125,4
16661,4
16657,4
14891,4
14463,4
12788,4
12361,4
16212,4
16727,4
16231,4
15886,4
17860,4
15425,4
12582,4
16389,4
13635,4
17122,4
14231,4
18078,4
12588,4
16336,4
12739,4
13642,4
14842,4
16370,4
15384,4
15406,4
15407,4
14904,4
17481,4
14225,4
15466,4
13402,4
17175,4
12516,4
16009,4
12865,4
18217,4
14634,4
13200,4
17527,4
14108,4
13187,4
16295,4
14737,4
12458,4
15600,4
12725,4
15960,4
13124,4
16411,4
18112,4
13070,4
17440,4
15377,4
13475,4
16112,4
15701,4
15782,4
17825,4
15734,4
17088,4
16054,4
16471,4
16565,4
16714,4
16787,4
17051,4
14949,4
15309,4
17145,4
16018,4
12364,4
13283,4
16732,4
17845,4
16136,4
16454,4
12805,4
12956,4
13948,4
15439,4
13919,4
15060,4
17856,4
15160,4
15756,4
16379,4
13925,4
15512,4
16214,4
12657,4
17142,4
17579,4
16639,4
15621,4
17375,4
12413,4
15278,4
15261,4
18127,4
13920,4
16290,4
16366,4
13207,4
14220,4
12349,4
12722,4
15068,4
16728,4
12798,4
17272,4
17703,4
18006,4
18085,4
15108,4
15361,4
12883,4
17941,4
15706,4
17616,4
14413,4
18218,4
13785,4
14942,4
15713,4
15504,4
16806,4
13159,4
17561,4
17483,4
16884,4
16830,4
16071,4
15691,4
17980,4
16816,4
14121,4
17163,4
15629,4
13479,4
15064,4
14053,4
15347,4
14489,4
16391,4
17898,4
14469,4
12787,4
16619,4
15933,3
15678,3
12357,3
16978,3
15297,3
12410,3
15676,3
15582,3
14014,3
16680,3
17777,3
13363,3
15018,3
14418,3
14716,3
13299,3
15787,3
15724,3
12991,3
17185,3
15801,3
17779,3
17398,3
13897,3
12560,3
17461,3
17026,3
17780,3
16921,3
16572,3
16390,3
16431,3
13781,3
17901,3
13710,3
16495,3
17647,3
13262,3
13154,3
18202,3
16939,3
14894,3
17917,3
17058,3
17835,3
15012,3
14375,3
12827,3
12831,3
17694,3
13741,3
15677,3
15283,3
17999,3
12373,3
16138,3
12999,3
17876,3
12526,3
15516,3
13809,3
13672,3
14128,3
16256,3
15586,3
17286,3
15951,3
17932,3
15092,3
15659,3
13344,3
13103,3
15323,3
14353,3
17649,3
16109,3
13820,3
15346,3
15771,3
15109,3
14246,3
16300,3
15806,3
17918,3
17209,3
13023,3
15478,3
14028,3
14284,3
16392,3
12817,3
16245,3
17807,3
14305,3
16669,3
17531,3
13998,3
12925,3
13067,3
15748,3
13957,3
18081,3
14009,3
14756,3
17064,3
15246,3
13379,3
14470,3
12994,3
16428,3
17680,3
12754,3
13696,3
16435,3
13399,3
14302,3
16367,3
16060,3
14687,3
12497,3
15823,3
13133,3
15269,3
15424,3
16842,3
14494,3
16932,3
13287,3
15376,3
15568,3
15009,3
13169,3
13314,3
15156,3
16913,3
12434,3
14592,3
16521,3
14055,3
17098,3
14170,3
13453,3
13763,3
15599,3
17223,3
14924,3
17928,3
13388,3
16228,3
17134,3
15729,3
14219,3
16050,3
12642,3
16734,3
18246,3
15427,3
15798,3
17334,3
16129,3
14803,3
16478,3
15852,3
16000,3
13212,3
14385,3
15533,3
16281,3
15074,3
12541,3
12785,3
13585,3
16024,3
13679,3
15542,3
18108,3
15994,3
17363,3
14847,3
12389,3
13965,3
17749,3
14206,3
16250,3
15888,3
13492,3
13035,3
14544,3
17254,3
15839,3
16234,3
16860,3
14839,3
16340,3
17513,3
17804,3
18048,3
14731,3
15589,3
15749,3
15314,3
12628,3
13533,3
15869,3
16421,3
17853,3
16851,3
15247,3
16730,3
13713,3
18247,3
15617,3
13058,3
17309,3
15385,3
17724,3
13109,3
17590,3
16447,3
13936,3
12829,3
17110,3
16020,3
15449,3
15630,3
13008,3
18123,3
14260,3
15207,3
13729,3
14856,3
14765,3
12427,3
13042,3
16903,3
13540,3
16772,3
16863,3
14973,3
12547,3
14202,3
12616,3
16798,3
13442,3
14558,3
17736,3
12593,3
12673,3
18262,3
14759,3
15978,3
13665,3
17172,3
13389,3
13637,3
16716,3
12488,3
17444,3
17878,3
16642,3
17573,3
16023,3
13780,3
18130,3
14727,3
13565,3
17212,3
15817,3
14304,3
14670,3
12456,3
18066,3
18189,3
14720,3
16343,3
13165,3
17408,3
17374,3
13439,3
14902,3
14412,3
17123,3
13294,3
13307,3
17339,3
17945,3
14552,3
14387,3
15781,3
17423,3
18034,3
15946,3
17198,3
13428,3
18043,3
12620,3
15238,3
12879,3
16961,3
15344,3
14570,3
14823,3
14645,3
15154,3
13403,3
17380,3
14122,3
16927,3
12998,3
15091,3
16460,3
15399,3
12525,3
13083,3
14761,3
16671,3
13595,3
13877,3
14359,3
16227,3
15684,3
16314,3
17923,3
13797,3
15441,3
14695,3
13447,3
16038,3
14729,3
15780,3
16804,3
15436,3
14500,3
13407,3
13501,3
18150,3
16204,3
13792,3
16415,3
12745,3
14779,3
14893,3
13814,3
15248,3
17564,3
13894,3
13416,3
16284,3
17325,3
14872,3
13807,3
15180,3
16451,3
15331,3
14909,3
13548,3
16211,3
14238,3
15469,3
14875,3
16997,3
12866,3
17492,3
13810,3
15414,3
16980,3
17384,3
17525,3
17084,3
13091,3
17418,3
17542,3
14679,3
14775,3
14240,3
14048,3
13318,3
14024,3
16149,3
17023,3
16780,3
14350,3
18193,3
12789,3
13951,3
14885,3
13811,3
13800,3
13686,3
16157,3
15036,3
14400,3
16538,3
14287,3
13486,3
17028,3
18053,3
12871,3
16368,3
16450,3
18057,3
16378,3
15918,3
14228,3
14890,3
15244,3
17397,3
16773,3
18263,3
17464,3
15626,3
15113,3
17295,3
17495,3
16140,3
12784,3
15354,3
15268,3
15055,3
16846,3
14788,3
18235,3
16679,3
17392,3
13891,3
14722,3
15097,3
17317,3
13935,3
16894,3
17772,3
12734,3
13484,3
13038,3
16102,3
13300,3
12800,3
16488,3
15988,3
16882,3
13016,3
13171,3
12369,3
16614,3
16436,3
16282,3
14087,3
12640,3
17801,3
16900,3
14529,3
16041,3
17312,3
16951,3
13803,3
14836,3
12653,3
16868,3
16067,3
17785,3
12717,3
12372,3
17500,3
15948,3
17830,3
17783,3
15303,3
16887,3
18167,3
13255,3
12813,3
17421,3
14920,3
12639,3
12591,3
16464,3
16975,3
13474,3
18058,3
14784,3
12694,3
16720,3
16969,3
17011,3
16759,3
15959,3
16185,3
17991,3
12665,3
13057,3
15689,3
16324,3
18059,3
13962,3
14172,3
16406,3
15639,3
12536,3
14034,3
17934,3
16278,3
14383,3
17756,3
12669,3
14423,3
12809,3
13186,3
16706,3
17468,3
16824,3
16601,3
14355,3
12942,3
13452,3
17233,3
17194,3
16399,3
14851,3
14248,3
15831,3
12967,3
13395,3
13150,3
15446,3
13190,3
17866,3
15191,3
16015,3
12697,3
16275,3
16856,3
15262,3
16533,3
13045,3
16307,3
16888,3
13003,3
16890,3
14971,3
15973,3
15766,3
18155,3
13521,3
17015,3
16461,3
17960,3
17996,3
16462,3
18204,3
15334,3
16079,3
16795,3
16935,3
13992,3
13034,3
13669,3
14430,3
17226,3
14425,3
17536,3
18270,3
16586,3
15254,3
16924,3
16866,3
13812,3
13872,3
15423,3
17892,3
12873,3
13651,3
14556,3
12885,3
14125,3
13827,3
17181,3
16762,3
15887,3
14831,3
14338,3
17251,3
18084,3
14561,3
13376,3
14326,3
14061,3
14510,3
17544,3
13955,3
14880,3
13002,3
15591,3
17683,3
16574,3
15467,3
16648,3
16164,3
14937,3
15471,3
14193,3
14230,3
16468,3
15645,3
15053,3
17024,3
17998,3
15643,3
14250,3
13517,3
17995,3
12950,3
16259,3
12710,3
13333,3
15070,3
17880,3
15183,3
13922,3
17205,3
13151,3
15468,3
14267,3
16276,3
13997,3
12923,3
17169,3
17176,3
15098,3
15202,3
16535,3
16117,3
16254,3
17067,3
13156,3
15562,3
15992,3
17014,3
16930,3
12870,3
12492,3
12498,3
17167,3
13584,3
17635,3
13754,3
14065,3
18160,3
13046,3
15210,3
15957,3
17405,3
16386,3
15907,3
12793,3
14223,3
15280,3
15076,3
14019,3
14495,3
13606,3
15440,3
13513,3
17524,3
13867,3
15949,2
16606,2
12847,2
12376,2
12559,2
15986,2
16698,2
12493,2
18261,2
13177,2
13898,2
12677,2
17773,2
17566,2
17916,2
14162,2
15444,2
12878,2
14610,2
16802,2
15883,2
17795,2
14636,2
18248,2
16313,2
13676,2
13967,2
15084,2
15935,2
15919,2
15403,2
14838,2
13972,2
17563,2
16446,2
17219,2
13914,2
13747,2
17643,2
14381,2
12962,2
17458,2
17186,2
15151,2
18049,2
15398,2
13129,2
18050,2
13639,2
14115,2
12575,2
16243,2
14768,2
15540,2
14358,2
16576,2
14372,2
14314,2
14617,2
12452,2
13744,2
14208,2
15437,2
16345,2
12940,2
16864,2
14365,2
13245,2
13689,2
15662,2
14826,2
16624,2
13374,2
14753,2
13677,2
13551,2
12465,2
13822,2
12419,2
13030,2
16815,2
14181,2
14564,2
17274,2
16691,2
12469,2
13482,2
16828,2
17958,2
18271,2
15794,2
14802,2
17781,2
15934,2
17326,2
17022,2
15829,2
12825,2
16148,2
12711,2
16545,2
16088,2
17967,2
14873,2
14877,2
14058,2
17537,2
12687,2
14537,2
12397,2
12624,2
15792,2
17478,2
16166,2
15876,2
13066,2
16031,2
17433,2
13470,2
14335,2
13730,2
16917,2
12790,2
17366,2
15216,2
12898,2
17767,2
15877,2
14448,2
13467,2
15429,2
13122,2
16573,2
16810,2
15936,2
18146,2
17595,2
17166,2
17143,2
17248,2
14261,2
13248,2
12363,2
14022,2
13899,2
15014,2
13221,2
16424,2
14245,2
13144,2
14932,2
13933,2
17387,2
12930,2
18013,2
14938,2
14171,2
14751,2
15779,2
13832,2
18174,2
16974,2
15405,2
13166,2
16141,2
17265,2
15163,2
14296,2
14917,2
16840,2
18063,2
14771,2
15080,2
12634,2
14908,2
12475,2
14799,2
14762,2
13726,2
16829,2
17482,2
12953,2
18024,2
15008,2
17335,2
16855,2
13619,2
15682,2
13987,2
13626,2
17184,2
12572,2
12545,2
14658,2
12832,2
12794,2
16763,2
16089,2
12821,2
16585,2
14490,2
13526,2
14324,2
13519,2
16453,2
12355,2
16964,2
16323,2
17794,2
14271,2
13600,2
15531,2
17182,2
17277,2
16309,2
14052,2
13733,2
13024,2
14785,2
12905,2
13028,2
14067,2
14972,2
14986,2
12384,2
17601,2
13493,2
15196,2
14308,2
17782,2
17689,2
15121,2
17678,2
15650,2
16448,2
12763,2
15837,2
12719,2
18191,2
16413,2
13556,2
12629,2
15857,2
17476,2
13375,2
17704,2
15433,2
17792,2
15963,2
17823,2
13252,2
17232,2
13496,2
14835,2
15143,2
12672,2
14331,2
17518,2
14119,2
16217,2
18147,2
16398,2
16590,2
14212,2
14599,2
18047,2
14940,2
12696,2
13563,2
15762,2
13559,2
13361,2
14079,2
15560,2
16957,2
16936,2
15773,2
14436,2
15522,2
16897,2
15552,2
13616,2
15597,2
17510,2
17556,2
18205,2
15565,2
16685,2
16310,2
13825,2
18286,2
14985,2
15700,2
12904,2
13583,2
15258,2
14539,2
14968,2
15603,2
12546,2
14382,2
12974,2
18056,2
13020,2
17718,2
12770,2
15135,2
16479,2
12944,2
12365,2
12590,2
14840,2
16264,2
17890,2
15448,2
15230,2
14954,2
16489,2
16427,2
13359,2
14029,2
17810,2
14010,2
14164,2
16568,2
15432,2
13272,2
16449,2
12542,2
13040,2
15501,2
14166,2
16911,2
14876,2
15137,2
16526,2
13106,2
16766,2
15894,2
15418,2
16990,2
16677,2
13605,2
16222,2
16739,2
13917,2
17078,2
16189,2
14647,2
18021,2
12440,2
15041,2
13703,2
13996,2
16602,2
17501,2
12426,2
16465,2
12556,2
17229,2
17344,2
17459,2
13791,2
15330,2
15396,2
17267,2
16376,2
14148,2
12804,2
14303,2
12386,2
16322,2
18110,2
17733,2
13699,2
14815,2
12985,2
15364,2
17480,2
14369,2
14957,2
14474,2
16844,2
13859,2
17187,2
16246,2
17170,2
16893,2
15914,2
13712,2
17310,2
15146,2
13837,2
13745,2
17446,2
18228,2
14050,2
17357,2
13930,2
15212,2
12886,2
15006,2
15213,2
14707,2
14990,2
14091,2
17547,2
13377,2
17217,2
13508,2
16452,2
13010,2
14151,2
12580,2
14778,2
17270,2
15784,2
14563,2
12461,2
17425,2
12663,2
14253,2
14377,2
12822,2
15612,2
17900,2
18275,2
15524,2
14398,2
12945,2
12981,2
15349,2
16603,2
17847,2
13404,2
15690,2
13833,2
13706,2
16487,2
13430,2
14921,2
16472,2
13657,2
17766,2
13718,2
15115,2
18156,2
13432,2
13108,2
15086,2
15709,2
18005,2
12851,2
13885,2
13459,2
18134,2
14736,2
18183,2
15243,2
13739,2
14473,2
16667,2
18255,2
12675,2
14168,2
17257,2
15454,2
16643,2
15315,2
17000,2
15760,2
12837,2
15239,2
13937,2
17301,2
16286,2
15977,2
12425,2
13721,2
14567,2
18227,2
13836,2
15666,2
12535,2
18080,2
14069,2
15670,2
16375,2
17977,2
12741,2
16198,2
14660,2
15458,2
16223,2
15683,2
18158,2
18265,2
14793,2
16352,2
12375,2
16315,2
17660,2
17699,2
13673,2
14675,2
14363,2
16765,2
15634,2
15897,2
14996,2
14486,2
17786,2
16006,2
15492,2
12403,2
17577,2
12439,2
12652,2
14965,2
12874,2
16402,2
15139,2
15011,2
15840,2
16405,2
16689,2
15526,2
13698,2
13261,2
13776,2
13234,2
16608,2
17637,2
15401,2
12895,2
14356,2
17788,2
13275,2
17245,2
14663,2
14981,2
14995,2
14311,2
14520,2
17308,2
13250,2
15219,2
12571,2
16811,2
17100,2
12438,2
15451,2
13759,2
13978,2
17484,2
15546,2
13175,2
16078,2
13371,2
17630,2
13594,2
12762,2
15277,2
12496,2
12890,2
12716,2
13365,2
14416,2
15943,2
13444,2
12888,2
13596,2
14960,2
12378,2
15775,2
15274,2
18282,2
12781,2
17789,2
13350,2
16070,2
14140,2
13945,2
17005,2
14483,2
15094,2
12638,2
15378,2
13224,2
16666,2
15430,2
12445,2
17503,2
13465,2
12514,2
14809,2
14011,2
17622,2
12943,2
16695,2
13472,2
17403,2
12958,2
13226,2
16776,2
16244,2
13396,2
16616,2
13543,2
13834,2
15816,2
16799,2
17132,2
17964,2
14459,2
16704,2
13607,2
12880,2
14023,2
15970,2
13073,2
15598,2
17711,2
13904,2
17805,2
14497,2
15702,2
14242,2
12604,2
13302,2
18042,2
15720,2
14619,2
12519,2
14491,2
15374,2
12630,2
17462,2
16968,2
14620,2
12462,2
17466,2
15956,2
15037,2
15232,2
18280,2
17300,2
18060,2
17843,2
13398,2
14780,2
17171,2
17294,2
15711,2
14519,2
12792,2
15821,2
17715,2
16127,2
15824,2
14581,2
13386,2
16381,2
13597,2
15989,2
16135,2
17111,2
15126,2
18030,2
13816,2
14323,2
15654,2
14929,2
16557,2
15169,2
15461,2
12737,2
17105,2
15728,2
13918,2
16091,2
12646,2
16674,2
12632,2
14926,2
12533,2
13161,2
16999,2
15104,2
14697,2
16852,2
12743,2
17144,2
17737,2
17447,2
17668,2
16498,2
17489,2
13441,2
16778,2
16433,2
16039,2
16502,2
17529,2
16641,2
16075,2
15350,2
15205,2
18244,2
13773,2
15878,2
17473,2
17038,2
12596,2
16268,2
16542,2
14594,2
16178,2
14935,2
14002,2
16506,2
16749,2
12864,2
15103,2
14039,2
15322,2
15158,2
12394,2
17919,2
18281,2
15653,2
18026,2
14664,2
12508,2
14150,2
15127,2
13529,2
16377,2
15763,2
14671,2
16273,2
17040,2
17814,2
15341,2
14806,2
13236,2
13033,2
12512,2
18278,2
18143,2
15042,2
15741,2
17662,2
16737,2
13164,2
16988,2
15459,2
12353,2
15045,2
12815,2
15362,2
13545,2
16021,2
13123,2
13194,2
17413,2
15566,2
15363,2
17292,2
17456,2
12761,2
16193,2
17497,2
12585,2
13805,2
13321,2
13960,2
14354,2
16715,2
17359,2
17453,2
18074,2
15543,2
17119,2
12882,2
17834,2
16854,2
17250,2
18212,2
16808,2
14138,2
15257,2
12522,2
16644,2
14339,2
15503,2
13970,2
16567,2
16781,2
17278,2
13480,2
16632,2
17327,2
16132,2
16230,2
15088,2
12797,2
16629,2
16747,2
14807,2
13068,2
14169,2
13582,2
15445,2
13541,2
12538,2
17745,2
16757,2
17070,2
15211,2
12689,2
18141,2
12735,2
14501,2
16561,2
13525,2
12907,2
16160,2
15564,2
13051,2
14279,2
14471,2
15736,2
16382,2
16491,2
16373,2
16819,2
16311,2
14600,2
14629,2
17741,2
15908,2
15842,2
15256,2
14464,2
14517,2
15545,2
12531,2
13189,2
15001,2
15884,2
17499,2
13581,2
14862,2
16437,2
16653,2
17383,2
17065,2
12810,2
15102,2
15264,2
13135,2
16583,2
12862,2
17258,2
13460,2
17549,2
14922,2
16834,2
16527,2
15627,2
14043,2
13731,2
15813,2
16524,2
15368,2
13868,2
14142,2
18011,2
17514,2
13964,2
18137,2
17882,2
15390,2
18142,2
16604,2
17020,2
15077,2
13861,2
14611,2
16522,2
17776,2
18040,2
16675,2
14975,2
15648,2
13646,2
13974,2
17246,2
16364,2
13954,2
13927,2
14241,2
16972,2
17658,2
16484,2
17638,2
13406,2
13909,2
14097,2
14026,2
17094,2
17391,2
12816,2
16847,2
13768,2
13675,2
16240,2
14237,2
14598,2
12552,2
13457,2
17477,2
13537,2
15519,2
14179,2
15355,2
17393,2
14183,2
16993,2
13817,2
17507,2
16552,2
17252,2
13311,2
17946,2
15054,2
15025,2
17285,2
17674,2
14082,2
13420,2
18121,2
15174,2
16058,1
16294,1
17693,1
12927,1
15047,1
18209,1
15790,1
15282,1
14641,1
18208,1
15052,1
16001,1
15069,1
13843,1
15610,1
14964,1
13411,1
15049,1
17417,1
17798,1
17533,1
17151,1
17271,1
18128,1
14008,1
14213,1
14652,1
14174,1
12489,1
16388,1
15019,1
14830,1
16683,1
17933,1
15866,1
16291,1
14325,1
13640,1
14184,1
18114,1
16579,1
12834,1
17971,1
13298,1
17942,1
13195,1
13241,1
17474,1
15455,1
15161,1
13095,1
13060,1
17751,1
16504,1
13088,1
16635,1
13622,1
15490,1
17893,1
12506,1
15464,1
18162,1
15931,1
16297,1
13352,1
16216,1
15130,1
17283,1
15242,1
13621,1
15686,1
16069,1
13121,1
18105,1
18200,1
13424,1
16908,1
15327,1
12929,1
17441,1
16849,1
14601,1
12544,1
17568,1
16937,1
12495,1
18285,1
14728,1
13915,1
16073,1
17906,1
16909,1
17970,1
15961,1
14373,1
15725,1
16821,1
12499,1
14568,1
17313,1
14578,1
12776,1
15557,1
17784,1
18076,1
17124,1
14109,1
15371,1
17710,1
16397,1
18019,1
18031,1
17574,1
14406,1
15273,1
15559,1
18234,1
17605,1
17195,1
15742,1
14074,1
15340,1
16857,1
13732,1
17617,1
18207,1
15909,1
12860,1
16408,1
16052,1
14783,1
18222,1
14270,1
13973,1
13096,1
14750,1
12964,1
14094,1
14666,1
17196,1
14804,1
17116,1
14433,1
16116,1
14117,1
14906,1
18164,1
15541,1
14458,1
14046,1
15457,1
18091,1
16758,1
14319,1
17385,1
17570,1
17305,1
17959,1
17846,1
13840,1
12686,1
13017,1
16708,1
13653,1
16090,1
15688,1
16035,1
18175,1
14943,1
15000,1
13163,1
12636,1
16196,1
13708,1
12587,1
14086,1
16028,1
14165,1
15475,1
17839,1
15275,1
17093,1
17199,1
17559,1
14863,1
15176,1
16252,1
17896,1
13714,1
15588,1
14705,1
13907,1
13251,1
13345,1
17427,1
14076,1
16061,1
18010,1
15705,1
14200,1
13511,1
14789,1
15593,1
16337,1
14059,1
14706,1
12914,1
17517,1
14542,1
14833,1
15293,1
17583,1
15788,1
16044,1
16800,1
14892,1
15672,1
13852,1
17039,1
14468,1
15391,1
15435,1
13604,1
15548,1
15324,1
17279,1
15595,1
13367,1
15029,1
16941,1
16517,1
14149,1
16355,1
14007,1
14280,1
14536,1
12729,1
14445,1
14070,1
17532,1
16752,1
17793,1
17543,1
17443,1
17304,1
15010,1
16640,1
16822,1
12961,1
14066,1
17072,1
13383,1
12795,1
15905,1
16403,1
14589,1
13660,1
14263,1
14033,1
14345,1
13794,1
12934,1
17915,1
13193,1
13690,1
17815,1
12548,1
17208,1
16627,1
17538,1
15941,1
14187,1
16599,1
13624,1
18067,1
16215,1
16973,1
13043,1
15783,1
15404,1
17247,1
17891,1
13775,1
17983,1
17899,1
18117,1
15333,1
18269,1
15818,1
17369,1
14786,1
18089,1
16272,1
12568,1
13850,1
14124,1
15868,1
15528,1
14027,1
12611,1
13661,1
13568,1
14596,1
13332,1
17177,1
15168,1
16263,1
15166,1
17297,1
15927,1
13724,1
17953,1
15585,1
14144,1
16826,1
14654,1
17333,1
17197,1
16541,1
17488,1
15995,1
12858,1
14950,1
14155,1
14582,1
16530,1
16492,1
15470,1
12354,1
17140,1
18038,1
14310,1
14689,1
13271,1
18138,1
12401,1
17148,1
15338,1
13845,1
12718,1
12581,1
13072,1
15442,1
13056,1
17558,1
14602,1
15131,1
15991,1
17972,1
15926,1
18119,1
14328,1
14574,1
12752,1
15387,1
13903,1
16991,1
15753,1
17224,1
15463,1
16731,1
16733,1
14969,1
16870,1
12768,1
14158,1
17010,1
17352,1
17840,1
13806,1
14580,1
18098,1
16082,1
13645,1
15320,1
12404,1
16192,1
12660,1
14979,1
16046,1
16262,1
17087,1
17156,1
12773,1
16301,1
14767,1
14991,1
14485,1
14974,1
13009,1
18004,1
12881,1
16867,1
17600,1
13574,1
17855,1
16761,1
13279,1
16420,1
13578,1
15968,1
13114,1
13445,1
17112,1
12478,1
12661,1
14980,1
16476,1
13494,1
14361,1
15692,1
17390,1
18153,1
14576,1
16982,1
13218,1
17628,1
12487,1
17431,1
13105,1
13354,1
15317,1
15922,1
17712,1
14278,1
16956,1
15510,1
14244,1
13053,1
12786,1
17697,1
16346,1
17303,1
14792,1
18104,1
12550,1
17877,1
13853,1
15335,1
12659,1
16659,1
16796,1
15295,1
14347,1
12746,1
15923,1
15539,1
14036,1
12532,1
16613,1
18054,1
18132,1
15342,1
13603,1
17907,1
13847,1
14797,1
17471,1
12470,1
15083,1
16865,1
13620,1
16113,1
18249,1
16785,1
13007,1
12966,1
15776,1
15481,1
14586,1
13572,1
12859,1
16501,1
16328,1
17475,1
13170,1
14638,1
14269,1
15537,1
13132,1
12760,1
18266,1
15710,1
17904,1
16425,1
13180,1
17698,1
14015,1
16564,1
14196,1
18113,1
13580,1
15185,1
13205,1
16195,1
12796,1
13893,1
13757,1
17055,1
16789,1
13006,1
15415,1
15438,1
18166,1
12529,1
14749,1
16783,1
14774,1
18099,1
17291,1
16439,1
14772,1
13944,1
12351,1
13142,1
14642,1
17868,1
14041,1
14281,1
14531,1
13553,1
14888,1
16304,1
16443,1
15655,1
15875,1
13358,1
12396,1
14724,1
18103,1
16591,1
13270,1
17215,1
12893,1
17106,1
12833,1
13185,1
14627,1
12995,1
13667,1
15120,1
16093,1
14811,1
16106,1
14378,1
15833,1
13075,1
16257,1
12730,1
14393,1
13235,1
13284,1
13790,1
14694,1
15082,1
16528,1
14668,1
15308,1
16831,1
16965,1
17875,1
17665,1
15397,1
13966,1
17207,1
13257,1
13436,1
12756,1
13469,1
16971,1
13793,1
16247,1
16665,1
15739,1
14518,1
12969,1
16605,1
14683,1
16056,1
18152,1
15486,1
18028,1
15345,1
17947,1
13586,1
17249,1
14848,1
16238,1
13348,1
13215,1
16967,1
17415,1
14613,1
17494,1
14718,1
17836,1
15386,1
12443,1
14123,1
15975,1
12984,1
13422,1
16363,1
16490,1
13618,1
15846,1
13325,1
16339,1
15758,1
15880,1
17103,1
14190,1
15020,1
15836,1
15740,1
15830,1
13228,1
15138,1
18086,1
16876,1
12405,1
14476,1
12812,1
12959,1
17240,1
15153,1
17016,1
14801,1
14424,1
13172,1
13498,1
15477,1
13876,1
13290,1
16597,1
14266,1
16270,1
15517,1
17721,1
13385,1
12608,1
18267,1
18033,1
17263,1
15263,1
15040,1
15733,1
14886,1
18184,1
13306,1
15718,1
16540,1
14874,1
16760,1
17319,1
12411,1
14721,1
15828,1
13688,1
15096,1
17752,1
16615,1
16494,1
16137,1
14822,1
17881,1
14889,1
13864,1
15913,1
13191,1
13530,1
17619,1
15302,1
15802,1
12941,1
17089,1
14832,1
16288,1
12467,1
14197,1
13390,1
13926,1
17535,1
12442,1
15496,1
15007,1
13244,1
12777,1
13281,1
18284,1
15507,1
13737,1
15148,1
13153,1
17989,1
15170,1
12420,1
13264,1
18020,1
14989,1
16738,1
14100,1
15217,1
13400,1
13490,1
13356,1
16694,1
15772,1
18169,1
14255,1
17551,1
16396,1
12988,1
17729,1
14650,1
17053,1
14018,1
18014,1
18274,1
15112,1
13788,1
12780,1
16881,1
17008,1
14300,1
16371,1
15294,1
16380,1
13312,1
17060,1
14951,1
14879,1
13286,1
16874,1
13879,1
12570,1
12485,1
17973,1
12509,1
13369,1
16925,1
13550,1
16338,1
16820,1
16845,1
13990,1
17439,1
12702,1
12850,1
12558,1
15853,1
16277,1
15250,1
16274,1
14887,1
12350,1
12692,1
13913,1
16662,1
12764,1
14318,1
14405,1
16002,1
17394,1
15937,1
14575,1
12579,1
16482,1
14254,1
17993,1
13366,1
16097,1
18070,1
16896,1
14143,1
17210,1
12750,1
13182,1
17506,1
13751,1
18197,1
15348,1
17174,1
12555,1
13370,1
15635,1
13219,1
17762,1
15419,1
15099,1
12448,1
17125,1
17879,1
14438,1
14717,1
12715,1
14614,1
15310,1
15703,1
14072,1
13210,1
13932,1
16480,1
15360,1
15193,1
15979,1
14153,1
14118,1
15592,1
17225,1
14351,1
14509,1
16457,1
15929,1
12513,1
15770,1
13289,1
16850,1
17520,1
12846,1
13839,1
16063,1
13829,1
15893,1
12607,1
15832,1
16587,1
16646,1
14579,1
13254,1
14384,1
16165,1
15915,1
15188,1
17168,1
16630,1
15431,1
15892,1
14516,1
17939,1
14380,1
17832,1
15085,1
12769,1
14366,1
17216,1
14095,1
12447,1
12537,1
14288,1
13938,1
16598,1
17657,1
16786,1
14858,1
16649,1
12460,1
12446,1
12400,1
14782,1
13188,1
14677,1
12946,1
14131,1
16534,1
17077,1
13062,1
12818,1
12436,1
16162,1
15328,1
16483,1
17276,1
15825,1
17885,1
14362,1
13570,1
12521,1
16181,1
16423,1
18165,1
12650,1
15746,1
13765,1
15460,1
17437,1
13547,1
18256,1
16077,1
13986,1
14992,1
17909,1
13119,1
13087,1
17872,1
13683,1
14357,1
12671,1
15087,1
12848,1
17592,1
15388,1
18083,1
14795,1
16617,1
16582,1
16417,1
12416,1
16237,1
15744,1
12618,1
14294,1
17903,1
16152,1
17260,1
16741,1
14417,1
15408,1
16753,1
14545,1
17486,1
17627,1
13227,1
17636,1
18131,1
12505,1
18012,1
14386,1
15693,1
17129,1
17178,1
13128,1
18111,1
15698,1
13179,1
13337,1
18238,1
17128,1
15859,1
13084,1
14633,1
15195,1
13687,1
16594,1
14956,1
13943,1
18120,1
15155,1
17806,1
13176,1
15667,1
13380,1
15165,1
13160,1
17275,1
14348,1
14604,1
18133,1
17280,1
15285,1
17269,1
14900,1
14927,1
14777,1
16508,1
17136,1
17407,1
13866,1
16543,1
15319,1
16319,1
12534,1
14571,1
15647,1
15035,1
18157,1
18068,1
12595,1
13923,1
18176,1
17927,1
13691,1
16030,1
17117,1
13518,1
16302,1
14923,1
14090,1
17316,1
16803,1
16289,1
17925,1
13638,1
17401,1
14743,1
16509,1
12852,1
15609,1
13801,1
12707,1
18233,1
15613,1
17956,1
12742,1
13844,1
14726,1
14012,1
15604,1
15940,1
18206,1
16318,1
13841,1
12367,1
18088,1
14185,1
17824,1
17684,1
14635,1
17395,1
16486,1
16958,1
15499,1
14928,1
12738,1
16022,1
16074,1
15474,1
14945,1
17859,1
15697,1
16267,1
13127,1
12740,1
15063,1
12453,1
17336,1
13146,1
14983,1
18213,1
18015,1
15642,1
18148,1
12861,1
14881,1
13779,1
17467,1
17826,1
13260,1
13697,1
15576,1
18000,1
17074,1
15556,1
14391,1
17620,1
12543,1
16902,1
16751,1
15928,1
14368,1
17791,1
13702,1
17982,1
13331,1
12996,1
15204,1
18163,1
18254,1
18007,1
12385,1
15305,1
14661,1
18192,1
16055,1
15924,1
15848,1
15778,1
16207,1
13628,1
18029,1
15352,1
18185,1
12690,1
15472,1
16622,1
16251,1
15902,1
15668,1
14860,1
13818,1
14192,1
17599,1
16144,1
13303,1
12894,1
16507,1
13364,1
13326,1
14843,1
13796,1
17948,1
17264,1
18072,1
14394,1
16312,1
13274,1
17161,1
16349,1
13229,1
15947,1
15616,1
16269,1
16878,1
17009,1
14444,1
13392,1
14742,1
17981,1
13701,1
14946,1
16581,1
18003,1
13670,1
17761,1
12771,1
15871,1
14203,1
12968,1
17911,1
17976,1
16280,1
14402,1
14884,1
17435,1
16962,1
14488,1
14330,1
15118,1
15336,1
18129,1
12486,1
12441,1
12390,1
12491,1
15209,1
15286,1
17192,1
12602,1
13204,1
13328,1
13419,1
13099,1
13222,1
14999,1
17778,1
12387,1
16516,1
14252,1
16886,1
15292,1
18240,1
16663,1
13086,1
14411,1
12887,1
13336,1
17318,1
17833,1
16922,1
17347,1
13535,1
15343,1
15231,1
14899,1
16236,1
16171,1
14317,1
15721,1
12992,1
14222,1
17234,1
14757,1
17654,1
15930,1
15450,1
13315,1
17614,1
14630,1
16111,1
15017,1
13355,1
13766,1
18195,1
12699,1
14435,1
17052,1
15619,1
14526,1
15904,1
12899,1
13343,1
14042,1
15657,1
18027,1
15631,1
14084,1
12772,1
17842,1
17056,1
13738,1
15236,1
13483,1
12658,1
17296,1
15534,1
16578,1
17273,1
12666,1
13608,1
14453,1
13830,1
15925,1
16959,1
15004,1
17818,1
14207,1
12903,1
15307,1
14603,1
17102,1
13560,1
18100,1
15479,1
15495,1
13612,1
17487,1
17328,1
17717,1
15234,1
18224,1
14333,1
17938,1
12501,1
12614,1
16562,1
18159,1
12392,1
18107,1
13981,1
14845,1
13947,1
12564,1
13968,1
15558,1
15899,1
12565,1
15765,1
13036,1
12954,1
12979,1
13906,1
15177,1
15731,1
14098,1
12983,1
13961,1
12803,1
18279,1
16248,1
17606,1
17066,1
17149,1
18115,1
15891,1
15337,1
13625,1
15761,1
17775,1
13391,1
15409,1
17598,1
13826,1
12801,1
12566,1
13886,1
12922,1
17957,1
14982,1
16651,1
18126,1
15554,1
14392,1
14760,1
14349,1
13339,1
15964,1
13216,1
14003,1
13063,1
12751,1
14941,1
13774,1
13942,1
12900,1
12641,1
17914,1
12698,1
12515,1
16953,1
14523,1
14521,1
12554,1
16697,1
17565,1
14787,1
14816,1
14612,1
16025,1
17910,1
15171,1
16213,1
17831,1
14955,1
13858,1
15699,1
16645,1
14764,1
17727,1
14093,1
13197,1
18082,1
15962,1
16095,1
17121,1
15375,1
12973,1
12736,1
14528,1
13449,1
17154,1
16068,1
13061,1
15226,1
16285,1
12366,1
16901,1
12911,1
15147,1
12938,1
18124,1
15520,1
13349,1
14678,1
13076,1
13682,1
16194,1
16687,1
17202,1
13143,1
13022,1
13678,1
17367,1
15318,1
17541,1
18032,1
13025,1
15726,1
13372,1
14073,1
17586,1
16944,1
18186,1
18199,1
15395,1
14374,1
12799,1
16536,1
17902,1
16429,1
14106,1
17844,1
17331,1
16664,1
13438,1
15075,1
17261,1
18182,1
17030,1
17455,1
17747,1
13341,1
17992,1
14632,1
13412,1
13387,1
12667,1
15225,1
12688,1
15233,1
18201,1
16505,1
14637,1
15066,1
15843,1
13116,1
16410,1
14371,1
15982,1
12892,1
15663,1
13120,1
15966,1
14054,1
17936,1
15735,1
12713,1
14218,1
14791,1
12368,1
14457,1
17701,1
14846,1
12918,1
15190,1
13111,1
18046,1
16118,1
16432,1
15583,1
15942,1
12824,1
17104,1
15487,1
16051,1
13522,1
17378,1
12622,1
16334,1
14559,1
15509,1
15575,1
17688,1
12430,1
14137,1
18243,1
15515,1
17670,1
12617,1
15200,1
12561,1
16026,1
17379,1
15417,1
17108,1
15954,1
15999,1
15072,1
15178,1
12574,1
12612,1
16299,1
13504,1
18253,1
16179,1
15175,1
15090,1
16920,1
16260,1
17498,1
17887,1
13532,1
14274,1
15685,1
18216,1
12603,1
12869,1
13322,1
17986,1
17012,1
15119,1
14773,1
14814,1
17036,1
16459,1
17479,1
15162,1
17748,1
17118,1
12563,1
17821,1
17057,1
13237,1
13977,1
17206,1
15300,1
14429,1
17569,1
16577,1
14557,1
18045,1
12732,1
12819,1
12814,1
16673,1
17587,1
17944,1
16123,1
12807,1
15895,1
16610,1
17079,1
14268,1
15316,1
12767,1
13273,1
14752,1
16047,1
18052,1
16559,1
16963,1
12551,1
12774,1
13423,1
15313,1
13896,1
15229,1
15056,1
13112,1
13789,1
16724,1
13828,1
12466,1
13347,1
15578,1
13671,1
14919,1
17803,1
13181,1
14588,1
16793,1
16548,1
13609,1
15567,1
15851,1
12511,1
16914,1
14622,1
18140,1
14812,1
13912,1
14993,1
15844,1
13071,1
13887,1
13934,1
14340,1
16404,1
14089,1
16976,1
16064,1
17099,1
17120,1
15553,1
14376,1
12459,1
13125,1
15820,1
17253,1
12503,1
17153,1
16481,1
12655,1
16721,1
12479,1
17820,1
17985,1
14703,1
13716,1
17650,1
13746,1
16305,1
17626,1
17607,1
13130,1
16114,1
12606,1
16084,1
17493,1
14747,1
14259,1
17355,1
17037,1
17575,1
16142,1
16970,1
14017,1
16547,1
13905,1
16100,1
12965,1
12902,1
17895,1
15284,1
13454,1
17743,1
13351,1
15412,1
18090,1
12398,1
14977,1
12884,1
18250,1
17922,1
16740,1
13674,1
18187,1
18264,1
15536,1
13011,1
17687,1
14674,1
16537,1
16219,1
