CUSTOMER_ID,TOTAL_SPENT
18102,608821.65
14646,528602.52
14156,313946.37
14911,295972.63
17450,246973.09
13694,196482.81
17511,175603.55
16446,168472.5
16684,147142.77
12415,144458.37
15061,137818.52
16029,122209.14
17949,118628.08
15311,116771.16
13089,116737.86
12931,92347.34
14298,91194.49
15769,88704.32
12346,77556.46
13798,75836.87
15838,74163
17841,70884.07
16754,67502.47
14096,65164.79
14088,64036.8
16422,63651.47
13081,59205.15
16013,57446.44
14680,57412.77
17389,57224.68
17850,56600.08
12748,56599.39
13777,56478.42
13093,54943.65
13408,51733.46
17404,47781.12
13881,45179.1
15749,44534.3
16705,43515.05
14031,40999.17
15039,40031.43
17381,40002.37
12471,39963.79
15098,39916.5
16210,38489.51
17675,38259.6
17677,36692.91
12921,35921.04
13767,35540.53
12678,34281.18
15856,34220.34
13902,34095.26
16779,33268.24
14258,32051.34
17428,31819.76
12709,31093.34
12681,30868.28
14606,30861.06
17940,30393.19
13078,29532.45
13098,28882.44
17857,28682.24
14527,27792.3
15513,27750.55
16333,26626.8
17865,26374.39
18251,26278.86
13802,26259.11
15498,26039.58
12731,25775.71
14062,25604.2
12744,25317.06
12939,25264.8
14895,25119.54
12621,24775.81
16525,24582.64
17920,24516.46
13001,24172.1
14607,24137.63
12682,24033.91
15640,23957.58
12482,23691.4
12409,23419.29
16133,22992.26
14063,22710.2
14051,22434
17340,22404.82
16839,22310.49
12540,22254.49
15159,22116.73
13340,22100.56
13319,22082.5
14667,21927.14
12753,21429.39
15615,21373.97
17243,20889.86
14866,20850.22
17706,20749.98
12433,20581.26
15251,20324.54
12477,20276.37
18008,19787.13
17139,19584.46
16843,19571.43
17581,18757.75
12557,18716.14
14194,18670.59
13113,18625.73
15808,18409.93
17377,18319.41
12357,18287.66
16746,18066.4
12647,17924.35
12472,17880.59
15078,17761.88
12901,17654.54
14952,17629.35
16652,17550.39
15189,17524.38
18172,17479.84
16019,17465.85
15523,17359.99
13027,17335.2
17416,17298.45
13564,17249.55
17735,17244.93
14277,17225.81
15358,17050.41
15125,17024.87
16656,16833.17
12454,16679.78
16553,16644.01
13199,16432.89
14961,16410.15
13225,16260.07
16180,16249.87
12980,16245.78
15044,16204.33
14733,16184.97
18092,16179.44
17107,16075.42
12971,15972.79
17716,15956.97
14769,15771.88
14849,15763.45
16191,15688.02
15768,15601.09
13488,15587.88
12949,15526.7
15601,14960.12
14543,14906.77
18087,14761.52
16126,14646.8
17133,14622.33
16873,14617.39
15482,14592.56
16713,14560.69
17448,14556.97
14299,14499.49
12583,14447.44
15093,14326.11
12476,14115.41
17017,14110.61
15005,14106.2
13090,14103.09
12714,14093.71
13178,14059.19
17589,14049.87
18223,14000.85
15502,13993.47
12435,13925.93
15760,13916.34
16558,13873.51
15291,13846.56
15032,13780.65
15382,13733.55
12567,13709.86
12989,13551.75
13468,13390.51
13097,13389.22
16923,13378.36
15738,13372.97
13629,13370.86
13969,13365.87
14049,13239.03
13316,13191.57
16549,13182.19
13668,13089.94
18225,13054.26
14110,12987.95
16161,12831.8
13952,12823.52
17858,12797.65
12683,12696.78
12437,12683.4
12451,12669.88
15465,12655.65
14040,12645.57
13013,12625.77
12536,12601.83
16814,12499.71
15194,12427.69
12474,12424.45
14936,12410.81
16000,12393.7
12481,12361.39
13050,12344.53
14739,12287.5
13854,12253.96
14735,12240.16
13418,12233.6
15023,12170.68
15144,12160.31
17338,12142.57
15555,12112.35
14415,12091.6
17364,12070.42
14505,12001.84
17044,11962.3
13458,11959.27
16258,11942.52
16523,11916.33
13687,11880.84
18226,11878.88
12705,11762.1
14426,11727.94
13102,11696.92
13004,11650.85
13576,11551.74
15218,11516.57
12668,11444.68
13680,11435.67
14016,11403.41
17809,11337.39
14045,11313.03
15874,11284.76
12539,11214.75
18055,11195.57
12524,11126.11
14134,11123.35
13941,11122.3
12918,10953.5
16985,10923.16
14796,10889.64
18052,10877.18
12431,10857.97
16033,10836.13
15694,10810.81
18229,10803.71
16984,10754.8
16327,10731.34
16168,10636.47
13324,10513.47
15290,10496.28
16782,10438.41
14028,10396.5
15296,10342.83
14422,10271.52
15719,10223.06
17160,10209.16
15805,10189.23
13599,10167.63
15547,10154.39
14085,10104.97
12839,10071.73
12766,10068.28
13985,10020.86
16353,9999.46
14755,9972.55
16182,9971.65
18260,9962.11
14101,9961.93
16131,9957.42
17049,9947.48
14329,9927.22
17230,9924.95
16701,9916.73
12758,9903.24
18109,9893.96
13327,9879.48
12590,9864.26
14828,9839.46
12490,9823.64
13735,9813.22
14944,9784.67
17306,9782.35
13018,9763.16
13267,9758.26
13069,9683.13
12380,9676.3
17315,9650.6
14135,9643.92
17811,9609.8
17504,9565.12
14091,9530.08
14060,9519.08
13999,9502.26
13174,9494.84
15298,9459.37
14146,9450.3
15727,9445.51
14439,9443.04
16550,9435.13
17757,9422.45
13758,9416.98
15981,9362.77
15570,9311.04
12747,9276.54
13162,9275.49
15249,9266
14367,9261.52
13448,9240.87
14292,9226.25
13756,9207.5
15260,9188.23
16700,9167.71
17068,9161.08
16709,9087.46
15867,9063.95
15939,9060.39
17576,9056.81
12755,9030.66
16186,9026.11
15150,9001.08
13555,8999.19
16722,8989.08
15903,8939.84
12359,8935.94
13269,8891.7
14709,8886.33
17396,8807.1
13047,8795.16
15984,8759.32
16532,8756.64
18041,8752.38
12957,8706.97
13263,8704.69
15955,8658.36
15497,8657.39
13148,8621.81
16945,8548.16
15281,8543.57
15270,8524.86
15786,8514.82
12798,8510.93
13209,8509.51
13715,8483.29
14286,8479.76
18139,8438.34
14160,8421.47
14057,8408.84
13206,8377.32
17611,8371.98
14676,8356.79
12643,8350.42
12637,8340.31
15034,8313.4
15998,8308.34
17686,8296.81
14030,8262.29
12720,8260.67
14525,8240.64
17365,8224.98
13381,8224.37
14056,8214.65
14395,8208.01
13139,8202.98
13426,8167.38
15544,8162.43
16672,8134.94
13869,8111.57
17593,8095.8
17426,8077.77
16767,8073.8
16670,8030.15
16556,8012.58
15299,7991.54
12428,7956.46
14159,7938.01
16303,7928.27
12867,7913.29
14291,7904.1
17085,7891.41
13871,7885.85
12757,7857.1
15622,7852.61
14282,7849.66
15046,7812.39
17091,7811.1
16592,7807.91
15581,7794.59
17409,7793.51
17238,7783.1
14800,7774.32
17730,7773.8
17739,7730.59
13534,7720.9
14688,7713.57
13137,7712.7
17696,7679.59
14175,7678.88
13141,7668.58
15301,7603.44
14145,7600.05
13709,7591.75
13373,7587.19
12841,7540.68
15179,7491.92
12429,7485.91
13815,7475.74
16242,7474.4
17602,7451.13
17690,7448.1
16570,7434.31
14243,7431.05
13082,7335.75
16253,7310.15
17965,7240.98
16729,7239.92
14092,7229.45
17231,7197.04
16745,7194.3
12712,7193.66
13451,7190.92
15950,7180.71
14841,7163
13983,7108.45
15521,7106.69
17769,7103.08
14113,7092.61
16938,7043.18
13183,7036.18
17975,7028.83
13831,7023.58
12662,6988.02
16717,6986.23
13552,6978.92
15674,6948.23
16265,6935.17
16187,6911.44
13520,6909.4
12749,6897.36
18231,6880.97
16170,6869
16456,6862.91
15129,6860.18
16401,6849.15
12613,6835.07
12417,6816.91
12830,6814.64
16145,6805.44
15413,6798.72
15750,6797.19
14401,6795.9
13993,6775.71
14702,6754.22
18118,6733.22
14562,6729.4
17838,6722.9
12779,6722.27
14461,6713.5
15321,6709.73
14844,6702.43
13734,6701.64
14388,6701
12913,6700.86
16497,6695.28
13384,6680.83
17700,6679.97
17001,6640.8
13953,6640.68
14440,6638.73
13394,6621.7
12626,6620.48
17819,6612.52
15514,6598.55
15980,6593.68
12843,6588.41
13015,6586.42
12836,6585.62
13883,6560.02
14766,6556.13
15332,6553.74
16655,6548.37
14855,6520.3
14221,6517.49
17873,6515.88
12823,6501.5
17419,6500.52
18061,6488.97
13317,6486.09
14154,6460.7
16940,6427.66
15673,6414.79
12656,6407.83
14390,6399.83
18094,6391.52
12406,6390.36
12356,6373.68
12484,6370.15
14227,6368.71
13230,6360.78
13590,6349.59
16710,6349.09
17799,6341.89
18245,6324.98
14180,6319.25
13654,6308
15480,6279
13136,6274.56
13615,6272.53
14534,6271.11
16735,6270.56
13334,6263.75
14004,6258.45
15369,6251.26
12497,6248.5
16156,6218.18
14530,6197.4
16103,6191.71
14907,6165.79
14852,6147.18
17669,6142.35
13266,6135.04
13935,6116.92
17509,6115.14
14560,6114.03
18178,6103.74
16954,6081.88
12664,6070.04
17625,6067.8
12835,6043.31
14535,6030.73
17644,6028.6
13658,6025.5
15372,6017.06
15202,6001.49
15755,5993.12
14105,5988.83
17457,5984.81
17491,5981.07
15785,5969.93
14918,5955.81
12500,5955.21
14257,5954.45
17685,5943.17
15971,5902.83
16011,5880.46
12455,5879.95
18065,5866.63
14210,5861.52
17146,5860.24
14112,5834.59
14189,5814.39
13769,5800.42
12910,5796.52
17069,5794.28
18075,5783.29
17672,5778.63
15485,5771.51
14099,5765.71
17863,5745.2
16316,5744.91
12615,5740.98
13771,5728.82
16458,5715.34
13870,5712.08
16409,5709.04
16607,5706.87
16279,5705.08
17651,5703.52
13157,5687.36
12727,5679.53
12633,5678.16
13901,5676.34
15628,5652.26
16200,5643.45
13722,5635.41
12347,5633.32
13842,5629.91
16320,5628.99
14249,5625.46
18145,5617.79
14572,5615.18
16003,5613.83
16546,5606.47
17059,5602.53
15898,5596.31
17092,5594.96
15854,5583.81
15228,5580.27
17203,5575.88
15527,5575.64
16393,5561.66
13593,5523.69
14732,5517.07
17204,5504.69
13115,5494.7
16609,5493.46
16992,5476.5
17512,5467.82
12480,5464.85
18198,5425.56
14713,5418.87
12378,5416.32
14626,5410.92
17719,5396.04
17612,5394.86
13362,5394.07
16008,5384.13
13014,5381.08
14459,5375.74
13495,5374.26
14081,5370.1
14442,5367.02
13975,5358.84
12362,5356.23
17567,5356.03
15641,5345.55
17346,5323
12708,5314.1
17584,5309.42
15394,5286.8
15152,5263.83
15722,5258.1
13931,5257.38
13107,5253.07
14930,5246.63
16931,5233.62
17061,5232.23
12422,5231.8
15606,5230.99
13763,5217.44
17084,5202.97
15812,5201.47
14546,5197.9
17213,5182.3
12510,5178.02
15443,5175.93
17663,5175.83
15796,5175.83
12625,5164.88
17157,5151.9
16153,5133.49
16904,5132.37
14493,5130.15
17861,5127.69
16919,5125.91
12483,5120.58
16308,5120
13329,5112.97
15529,5111.95
17519,5109.47
13523,5101.52
17402,5096.18
12594,5090.11
15367,5081.33
13634,5073.47
14307,5071.03
16686,5070.92
12395,5067.27
12432,5059.32
18144,5058
17802,5053.12
17469,5051.25
12600,5043.92
16905,5034.15
12759,5020.74
17758,5012.53
12444,5005.46
14209,4993.27
14639,4978.96
13198,4974.23
12562,4966.92
17449,4951.15
12700,4939.99
14825,4925.08
17596,4920.67
14970,4919.35
16143,4910.83
16255,4906.8
17406,4905.05
17314,4904.43
13659,4894.88
16986,4888.75
13021,4887.24
15379,4877.84
14107,4877.3
12688,4873.81
17652,4867.72
13044,4853.9
14032,4850.27
13562,4838.18
17191,4836.05
12449,4835.89
16326,4826.99
14191,4817.66
15002,4817.28
13875,4814.37
13124,4782.45
15187,4777.18
13988,4757.8
12955,4757.16
17829,4756.74
17082,4732.03
14235,4717.99
15271,4709.54
13958,4709.23
12589,4695.66
17050,4691.79
15410,4685.72
13527,4683.74
17400,4677.05
16858,4668.28
13971,4667.57
18097,4663.32
16293,4657.95
15123,4656.17
15484,4656
12916,4654.02
14466,4646.9
12578,4642.45
17442,4620.3
14685,4619.79
12782,4618.24
14441,4611.69
15245,4610.84
12553,4608.75
13851,4606.46
18257,4600.15
14514,4598.98
17188,4592.93
16125,4587.65
17508,4579.23
17754,4577.53
15416,4572.82
13491,4566.56
14701,4562.09
17613,4559.15
13510,4558.29
15365,4557.13
14648,4546.86
13571,4546.54
18069,4540.56
12598,4534.09
14001,4530.09
14290,4516.56
17308,4511.76
15680,4507.58
15764,4503.08
14625,4497.88
15122,4497.47
18064,4495.03
17220,4481.75
16912,4480.31
12627,4478.53
13435,4475.23
14341,4467.32
16081,4460.18
15240,4459.98
17682,4456.78
18093,4452.71
16098,4448.1
13982,4445.59
16218,4439.97
17722,4430.36
12349,4428.69
15845,4426.28
16563,4422.76
17412,4417.52
17138,4417.27
16626,4413.1
16283,4403.82
14211,4402.29
15861,4401.79
15203,4400.18
16150,4395.59
13505,4393.63
13880,4391.66
16732,4387.64
16749,4387.08
18272,4385.98
16455,4384.37
15708,4378.72
17372,4377.56
16118,4376.25
12523,4372.15
13297,4368.62
12752,4366.78
12917,4359.2
14482,4357.91
15633,4352.46
12408,4340.77
18077,4338.56
16241,4329.31
16072,4328.89
14854,4322.86
12370,4320.31
16477,4320.02
14334,4318.48
18259,4318.2
15493,4314.98
12967,4306.92
12928,4304.89
17937,4301.22
18230,4291.06
17930,4275.22
16712,4266.99
14239,4263.17
14047,4255.03
16743,4253.26
12360,4252.89
16571,4248.74
12935,4243.86
18079,4242.75
17728,4238.76
13911,4234.99
16875,4234.53
17673,4233.58
15518,4218.94
15752,4207.54
15804,4206.39
15050,4193.79
17218,4192.68
14868,4184.01
17738,4183.56
18287,4182.99
17526,4166.04
18194,4162.04
14740,4161.06
12653,4160.83
13461,4160
17646,4149.79
16209,4146.78
12569,4124.69
13450,4120.04
16928,4113.23
17287,4111.96
14408,4109.77
14878,4105.24
13421,4103.12
14566,4092
13048,4084.21
12876,4081.79
15024,4075.51
17618,4073.24
14913,4073.13
15572,4068.67
12371,4067.38
14025,4057.9
15571,4051.63
17083,4049.79
17211,4046.65
12840,4041.97
16791,4038.69
14824,4022.91
15665,4015.12
12726,4014.6
15782,4014.1
12721,4013.08
17019,4012.2
13895,4008.52
14547,4007.54
13542,4006.17
16841,4006.06
17307,3999.89
13126,3998.25
16719,3973.3
16771,3967.6
17954,3966.05
15858,3960.37
14817,3959.86
15983,3958.82
17667,3950.7
14465,3946.03
12473,3938.55
15051,3935.16
15819,3934.79
13037,3914.95
14498,3911.27
12853,3907.5
15696,3906.57
13995,3902.01
12388,3901.11
15823,3897.17
15811,3890.52
12358,3887.07
14744,3885.08
15288,3883.13
13446,3881.89
14655,3878.51
15067,3877.88
18073,3877.52
15195,3861
14565,3859.22
14532,3859.18
16440,3856.97
16057,3854.85
13213,3851.52
16341,3850.79
16466,3838.59
13357,3838.36
17659,3834.79
13481,3830.84
15704,3817.96
12597,3811.22
15421,3805.34
16636,3802.04
17071,3801.2
16128,3801.05
14540,3795.34
15827,3794.07
16950,3784.37
12619,3781.38
14309,3780.81
15494,3780.05
14649,3775.31
17293,3774.23
15834,3772.99
15532,3771.9
18168,3770.27
15079,3767.35
17173,3766.6
12670,3760.29
12530,3759.26
17096,3759.18
17553,3757.6
14409,3756.09
13305,3754.71
14515,3749.26
12623,3747.84
15370,3739.01
15351,3738.29
16539,3732.01
15255,3729.42
12502,3723.87
16772,3723.55
16240,3718.8
14364,3717.35
14593,3712.01
12737,3710.5
16983,3710.22
14776,3708.3
16094,3695.56
12857,3688
12872,3685.49
12468,3670.74
15953,3669.55
14640,3667.06
16444,3656.58
17655,3652.48
14857,3651.85
17848,3650.9
13632,3648.15
16718,3647.53
17063,3638.53
14770,3637.64
16748,3637.33
16053,3634.84
17528,3628.5
14882,3628.15
14653,3614.54
16503,3614.34
15505,3610.96
15113,3609.33
15791,3608.34
18242,3605.21
13750,3602.18
12963,3601.59
16325,3597.5
17422,3594.76
15569,3586.35
14132,3586.03
17679,3577.61
17311,3566.56
18219,3562.89
14737,3554.17
15222,3550.91
14503,3543.26
12645,3539.3
16395,3537.85
17924,3536.7
15059,3523.57
16336,3517.69
16360,3512.53
17768,3509.51
16347,3509.41
14898,3507.81
18044,3505.61
14934,3503.5
13929,3494.1
13577,3489.28
15306,3484.73
17597,3484.09
12631,3481.57
17913,3479.64
15380,3479.06
15712,3472.41
13849,3469.3
14533,3466.37
15356,3464.95
16271,3463.02
14837,3460.32
13536,3448.29
13313,3445.32
15974,3442.15
16208,3440.45
17725,3439.08
17931,3437.29
12609,3435.86
15676,3435.76
16045,3434.93
15916,3427.17
12377,3426.32
17876,3424.02
16281,3424.02
15373,3421.39
13031,3419.27
14217,3416.89
14215,3416.33
13979,3416.23
14673,3410.81
15058,3410.03
13437,3408.06
13425,3403.63
13823,3403.45
15114,3400.12
12838,3398.48
16067,3395.29
13246,3387.43
17723,3378.4
13135,3371.45
13707,3365.86
13285,3364.59
13786,3358.94
15538,3358.4
14608,3352.94
16818,3349.57
17183,3347.31
15265,3345.64
12424,3340.03
13848,3335
14344,3333.7
14064,3332.42
16351,3330.03
17774,3328.05
15065,3326.86
12865,3323.47
13291,3320.84
13611,3319.53
14161,3318.88
13431,3316.24
13824,3314.76
13131,3313.77
14451,3308.77
16365,3307.2
14506,3290.67
13650,3288
15632,3285.31
14507,3284.43
14285,3284.42
18188,3280.59
15978,3279.42
14293,3267.93
13214,3264.23
15057,3255.96
12770,3246.45
16612,3245.43
14669,3243.93
15140,3243.69
17353,3242
15625,3236.4
15602,3230.51
16101,3229.16
16059,3217.77
16515,3216.3
13268,3214.69
12951,3213.72
16918,3213.29
13804,3208.52
16107,3204.16
17147,3199.95
14315,3197.82
15027,3195.6
13868,3192.54
13397,3191.87
16933,3181.25
12456,3181.04
17228,3177.24
15353,3175.95
17621,3175.12
16837,3170.98
17640,3168.94
13052,3168.53
16041,3166.4
14963,3164.48
16584,3163.67
16400,3159.44
15031,3156.58
12976,3156.38
14748,3152.32
14306,3151.4
17090,3149.48
15614,3147.36
17702,3144.04
17354,3143.46
14978,3142.14
15095,3141.64
17530,3141.51
14897,3140.54
13742,3131.02
15596,3130.04
14044,3123.1
15199,3122.4
17145,3120.91
13685,3119.44
14700,3116.26
13692,3114.4
13772,3114.22
13538,3112.73
16678,3109.99
17870,3108.15
12909,3103.19
15491,3100.09
13464,3097.64
12937,3097.61
15105,3094.91
12849,3090.56
14312,3090.29
17552,3085.29
12511,3084.02
17929,3082.1
16007,3075.14
17884,3072.89
13647,3071.68
12469,3070.54
13631,3070.42
14038,3069.88
13196,3068.84
13077,3064.67
14456,3062.4
16120,3056.91
16775,3056.89
15716,3056.81
15241,3050.16
16560,3048.38
14916,3042.95
15967,3041.6
15754,3037.61
13557,3032.26
13485,3019.22
15965,3013.09
13963,3011.87
12754,3010.74
14590,3006.62
17032,3004.6
14226,3002.53
14621,3000.57
13635,2999.16
15810,2999.04
15182,2998.95
15611,2997.28
12457,2995.91
17961,2995.54
12854,2994.02
15687,2993.1
16012,2989.79
15681,2989.7
12374,2989.22
18241,2986.99
15329,2984.33
14544,2982.43
17692,2975.8
16383,2974.84
16416,2972.88
13012,2972.83
13110,2957.47
16736,2956.56
12826,2955.75
12877,2955.17
13764,2953.26
14867,2952.06
13253,2951.11
15757,2940.36
17444,2940.04
17588,2939.55
15235,2937.81
14524,2933.71
12635,2930.41
15312,2930.19
15862,2928.29
13890,2927.38
12906,2919.81
16358,2919.65
15392,2911.62
13784,2910.23
12438,2906.85
13455,2905.93
14233,2904.27
16755,2900.58
14404,2899.11
17320,2895.77
15100,2894.7
17242,2889.28
13501,2885.11
16633,2883.1
14251,2879.7
12806,2878.96
18170,2878
14005,2874.72
15043,2873.8
16467,2869.16
14711,2868.8
16711,2868.48
16229,2867.86
16225,2867.41
15563,2867
16086,2864.99
14758,2864.97
16062,2863.45
12685,2863.08
14875,2862.4
16979,2859.74
14035,2856.72
13728,2855.17
16742,2852.61
12352,2849.84
14935,2849.83
16163,2849.58
13032,2843.55
12676,2843.09
16554,2841.72
13477,2834.17
17368,2826.14
14842,2824.69
16407,2821.65
15797,2821.08
13719,2815.25
15660,2812.99
17386,2812.77
16871,2812.34
14903,2810.63
13330,2806.18
16817,2804.9
17470,2804.87
14869,2804.24
13799,2803.57
13205,2803.2
16764,2799.25
15993,2797.57
17284,2793.16
12863,2792.55
15073,2788.02
15021,2783.83
17790,2783.61
14121,2780.15
16104,2778.61
17591,2776.67
16335,2774
17031,2773.85
12391,2773.42
13695,2770.73
17720,2768.91
18210,2768.83
14696,2767.9
15817,2766.4
13736,2766.21
17676,2765.84
13813,2765.47
17115,2761.49
17262,2757.62
17490,2750.5
14665,2749.65
12982,2744.81
17241,2744.14
12669,2744.03
15841,2742.41
16434,2741.74
14808,2741.17
14125,2740.43
18283,2736.65
15389,2733.8
15111,2730.87
12986,2729.84
13211,2729.32
12739,2726.73
16190,2723.55
15985,2715.28
16232,2712.97
16359,2697.75
18173,2696.36
12725,2694.56
17388,2691.57
12820,2689.52
15910,2681.8
14496,2668.23
16369,2664.81
13473,2657.76
15671,2657.13
15157,2654.11
14756,2653.76
14410,2651.14
17744,2649.14
12516,2648.62
13203,2648.25
16618,2647.59
13117,2643.81
13819,2642.35
13173,2639.35
15814,2634.44
12520,2634.26
16276,2629.39
14548,2627.49
13422,2626.3
13644,2624.26
12671,2622.48
12423,2622.39
14573,2621.42
15142,2619.92
14262,2618.23
17043,2616.55
14195,2615.6
15426,2615.39
14431,2614.2
13700,2613.46
14397,2612.96
14564,2605.62
16206,2602.32
17787,2601.47
17317,2600.34
15826,2598.28
12412,2596.93
14163,2594.62
14229,2594.04
14129,2591.34
14147,2590.2
15033,2586.67
15062,2585.62
17897,2585
12592,2582.66
13151,2580.74
16244,2579.38
16499,2578.34
16115,2575.14
17095,2572.25
14745,2571.81
17002,2571.55
13652,2570.85
15434,2567.06
13623,2566.49
15747,2562.61
13192,2558.58
17463,2557.91
16036,2556.84
13862,2556.09
15906,2555.64
17550,2547.64
18179,2547.55
13344,2543.72
17465,2542.79
14810,2537.02
16987,2535.9
16016,2533.94
13471,2531.58
16889,2530.9
14659,2529.93
14790,2526.62
17101,2507.05
15860,2505.21
12517,2502.84
12978,2502.82
16202,2501.99
17288,2499.98
14541,2499.68
17594,2497.88
15932,2495.87
13414,2494.14
16795,2492.39
15227,2488.49
15117,2485.97
14449,2482.8
16520,2482.62
13507,2479.16
13588,2478.95
17348,2476.41
13134,2475.23
14256,2473.99
13878,2473.06
13762,2472.48
14502,2470.67
17732,2470.39
12924,2469.4
14421,2469.37
17164,2467.35
15221,2465.45
17131,2463.17
16470,2458.6
17629,2455.52
17894,2453.38
12701,2446.41
13338,2445.62
18171,2437.31
15623,2437.05
16005,2436.22
17505,2435.48
13085,2433.28
13094,2433.12
16638,2430.53
15077,2428.08
13949,2427.32
17004,2425.16
12733,2424.87
17921,2423.5
15658,2423.47
15215,2422.43
15089,2420.84
15489,2419.61
16040,2416.9
12802,2416.42
13118,2415.41
14205,2414.2
12397,2409.9
16833,2409.04
17671,2403.34
15341,2402.72
15793,2399.57
12393,2399.45
14414,2399.33
16147,2398.91
16883,2396.59
16812,2392
15366,2389.08
17827,2388.05
14443,2386.47
16105,2386.19
17623,2383.67
17905,2383.52
16065,2382.62
14554,2381.04
17434,2373.82
17969,2369.94
13908,2369.55
15015,2365.02
14295,2362.91
17634,2361.97
16676,2361.9
13614,2359.19
16083,2351.42
15549,2345.96
16085,2343.53
12704,2340.84
17282,2339.66
12584,2338.15
16496,2330.77
17313,2328.84
13280,2322.63
17113,2322.59
14938,2322.43
13091,2321.82
13055,2321.11
16628,2318.1
12724,2317.52
12948,2317.43
14346,2315.75
14555,2315.63
17994,2313.32
13994,2313.14
14481,2311.49
17193,2310.04
13704,2308.06
15946,2304.18
13059,2303.17
18095,2303.09
17324,2301.87
16077,2300.4
16531,2298.33
13371,2297.66
12599,2296.72
16485,2294.68
12649,2294.65
14901,2289.65
17047,2289.23
17018,2287.7
12684,2283.63
18051,2282.28
13655,2280.51
14462,2270.01
13748,2268.35
15638,2265.2
16042,2265.12
15734,2263.3
16823,2260.09
13814,2257.32
17180,2256.98
14432,2255.51
16350,2253.89
13662,2250.11
17414,2249.52
15865,2248.92
14644,2247.72
18215,2247.49
16177,2247.31
12868,2247.06
16174,2246.75
13627,2245.9
13407,2244.7
17075,2241.73
15629,2240.9
16551,2237.12
16108,2235.92
16221,2235.51
16076,2234.73
14177,2229.34
17460,2228.27
14472,2228.22
13320,2228.1
12783,2225.91
13365,2225.37
14467,2220.99
15550,2218.8
14321,2218.06
18177,2216.87
17648,2216.37
13478,2215.78
14708,2212.28
15476,2209.98
14834,2206.16
13410,2201.96
14597,2201.54
14006,2196.67
16317,2192.51
15934,2190.66
14212,2190.14
17822,2188.5
15864,2180.76
12856,2179.93
13610,2175.88
15649,2170.35
12501,2169.39
13888,2169.05
14595,2164.45
15944,2164.24
13755,2161.35
14407,2157.73
16379,2157.4
13643,2156.77
13224,2155.95
18009,2155.83
16966,2154.97
18116,2154.3
16600,2153.41
16275,2151.11
18239,2150.36
14216,2150.04
16716,2149.68
17272,2148.63
16004,2146.39
13152,2146.38
16134,2145.34
12576,2142.72
13092,2140.28
14499,2138.97
12687,2138.91
17029,2137.3
17305,2135.46
12560,2134.01
16493,2132.09
13517,2128.42
14360,2128.23
14634,2124.46
16807,2123.88
16996,2123.61
14396,2121.93
15456,2119.27
14691,2114.33
14399,2113.16
14469,2112.21
16201,2112.12
16054,2111.88
16934,2110.99
12997,2110.91
13265,2107.66
15252,2103.41
14276,2102.68
15815,2100.6
12975,2100.09
16510,2100
17159,2099.59
12610,2099.54
17742,2098.48
13753,2094.57
13591,2093.94
17585,2093.3
14723,2093.06
14896,2092.42
16794,2090.91
16726,2088.41
15151,2085.61
15272,2085.48
17705,2083.9
17289,2079.39
18026,2074.07
17048,2071.68
17126,2070.44
16290,2069.3
15164,2068.92
14988,2066.6
12586,2062.67
13476,2061.47
18258,2059.67
14623,2059.58
17633,2057.39
12518,2056.89
16891,2056.82
15253,2055.09
14188,2054.36
16235,2053.71
16176,2052.69
17086,2050.08
13874,2049.15
13984,2048.6
16027,2048.36
14232,2048.07
17666,2047.8
13663,2047.51
14000,2046.34
15473,2046
16960,2043.43
12585,2040.1
15506,2040.03
16214,2038.25
16331,2037.7
14225,2037.02
13705,2035.33
14651,2034.12
17846,2033.1
13630,2031.78
17337,2027.87
15384,2027.79
12873,2027.3
13989,2026.06
14631,2025.69
15478,2024.98
17227,2022.03
12418,2021.2
13696,2020.4
12348,2019.4
16197,2016.71
17152,2016.5
16529,2012
13693,2011.82
16332,2010.41
15990,2010.05
15531,2007.44
14730,2005.06
14628,1998
16698,1998
14152,1997.34
18204,1993.7
15481,1993.34
14301,1992.18
13889,1991.23
17088,1991.01
13208,1988.5
17351,1988.23
17797,1985.87
14967,1982.61
15192,1981.39
13725,1980.56
12582,1980.4
17158,1980
15030,1979.91
15795,1979.87
17966,1974.42
14905,1971.39
17997,1970.67
12674,1970.6
16032,1970.45
14477,1969.6
13838,1966.09
15081,1965.72
16233,1965.71
12399,1962.3
15789,1962.01
18016,1960.46
17039,1954.99
17135,1954.16
14794,1953.9
17554,1952.45
13761,1952.17
15885,1951.82
16993,1950.95
16788,1950.3
14014,1948.21
15425,1944.57
14332,1943.51
15620,1942.36
13276,1939.26
12385,1938.4
16619,1938.33
14418,1937.25
15605,1936.8
15561,1934.39
12528,1933.48
12531,1933.2
16859,1932.41
16770,1932.13
15803,1929.66
17236,1929.26
13029,1927.3
14710,1922.59
14492,1921.91
16681,1921.84
18220,1921.76
16942,1920.59
12644,1918.49
12842,1917.99
16650,1916.11
16555,1915.68
16692,1914.7
16426,1908.25
12947,1908.03
17046,1906.07
17350,1906.04
13503,1905.39
17235,1904.88
14250,1904.05
14127,1900.08
16049,1899.68
12762,1898.52
14389,1898.01
14224,1897.9
14741,1897.59
17560,1895.8
14327,1894.93
17609,1894.34
15248,1893.93
15678,1893.89
16631,1892.52
15381,1890.57
17341,1889.83
17259,1889.34
14912,1889.25
13884,1888.48
16172,1884.55
14130,1882.67
16725,1882.11
14403,1880.51
16660,1879.55
18151,1879.44
15197,1877.51
13946,1876.23
13168,1875.31
12494,1872.87
16474,1871.5
14887,1862
14305,1858.96
17974,1858.06
16917,1857.83
16043,1856.59
12383,1850.56
12381,1845.31
12507,1844.06
18180,1843.75
12694,1843.35
12950,1843
15201,1842.95
17015,1842.56
16102,1842.14
14553,1841.54
16880,1840.86
14715,1840.45
17919,1840.32
15822,1840.06
14870,1838.95
13924,1838.85
16175,1836.44
16205,1830.61
15402,1830.54
16152,1829.04
15339,1827.84
16797,1827.77
16825,1826.89
18122,1826.21
17244,1826.04
17642,1824.49
16169,1822.97
14738,1821.9
13561,1820.72
17888,1820.44
17828,1820.09
16110,1819.27
16511,1819.02
15807,1817.52
15736,1815.72
16634,1814.61
15530,1813.72
14704,1813.57
14915,1811.25
15972,1810.27
16595,1810.18
14893,1809.61
15133,1806.9
15889,1806.28
18096,1805.28
12784,1804.75
18161,1803.1
16249,1800.07
15452,1799.11
16348,1798.22
17750,1797.57
18235,1796.48
18236,1795.35
17165,1794.32
14850,1794.01
13782,1793.72
17603,1793.48
13711,1792.26
13375,1792.23
12369,1791.15
15608,1785.98
16611,1785.13
15128,1783.68
14583,1781.03
16380,1780.59
18214,1780.34
15220,1778.96
12458,1777.49
12908,1776
12778,1775.68
13920,1774.68
16124,1772.49
15594,1771.78
16374,1771.45
17813,1770.88
14387,1770.56
14933,1770
13456,1766.72
16751,1764.72
13648,1764.02
13717,1763.3
15777,1762.61
16620,1758.93
14522,1758.62
16266,1757.95
12809,1755.94
17432,1751.39
13155,1750.18
16639,1747.98
14584,1747.91
13808,1747.66
15976,1746.64
17695,1746.04
14692,1745.09
14236,1744.64
17190,1743.04
12425,1741.41
17321,1741.18
16087,1739.92
13240,1738.52
13531,1738.52
14075,1734.87
17268,1733.89
13026,1733.08
14400,1732.47
16809,1727.43
15730,1726.58
14304,1725.01
16010,1724.06
13363,1723.86
17451,1721.4
16899,1721.02
16119,1720.81
15267,1717.36
14021,1716.58
17162,1715.46
14987,1713.85
14447,1711.73
13665,1711.66
16654,1711.47
12405,1710.39
15551,1710.08
13104,1709.1
17731,1708.99
15607,1708.97
15947,1708.24
13566,1708.12
12407,1708.12
16768,1708.12
16907,1707.9
16902,1706.88
13309,1706.37
16398,1705.8
14859,1705.64
17571,1703.75
16329,1703.07
12693,1703.02
15911,1702.34
13184,1701.29
15326,1700.52
12932,1698.56
17694,1695.97
12764,1693.88
14245,1693.45
16813,1692.98
14829,1692.84
14078,1692.63
16671,1692.27
13294,1689.53
12813,1687.8
12933,1687.03
15996,1686.9
17041,1686.28
12775,1686.12
13516,1685.26
15987,1682.13
15732,1682.07
13064,1680.74
12911,1680.47
14643,1679.89
13800,1679.56
13649,1678.88
12870,1676.95
14831,1676.57
13149,1676.06
17656,1674.69
13587,1673.5
13308,1670.37
13417,1669.49
17534,1668.83
13434,1666.86
12912,1662.3
15214,1661.44
15167,1659.67
18276,1656.52
16625,1654.03
12577,1653.75
18022,1651.79
18085,1645.75
12657,1643.18
15013,1641.3
14904,1640.64
13506,1639.2
14420,1639.17
13554,1638.28
12847,1636.9
17006,1636.32
17951,1636.08
12398,1635.66
15310,1634.64
18062,1632.67
14164,1631.77
18136,1631.36
16256,1629.37
14759,1625.97
13154,1624.84
18149,1624.71
15172,1624.05
17764,1623.64
14937,1621.88
17867,1621.28
14178,1620.93
12379,1620.22
14695,1620.07
15422,1619.97
16801,1619.73
17515,1617.46
17814,1617.32
16224,1616.54
16461,1615.22
14336,1614.91
16860,1610.62
13900,1610.59
13249,1608.93
17886,1608.38
17853,1608.19
14920,1607.17
17222,1605.01
17345,1604.68
14719,1602.13
15325,1602.01
14587,1601.14
14885,1598.12
13740,1597.77
12514,1597.76
15134,1596.29
13850,1595.48
13239,1594.69
16774,1594.45
17028,1593.83
17837,1593.38
15289,1593.09
13752,1590.73
17540,1590.6
16092,1587.94
13156,1586.54
16096,1584.97
15279,1580.54
13202,1580.3
12607,1579.51
17649,1578.89
13186,1575.89
12549,1575.68
13337,1575.26
14489,1574.93
16099,1573.2
15466,1571.01
14136,1570.81
14198,1569.73
13539,1569.36
17624,1568.63
15074,1566.33
17977,1565.63
17323,1565.59
18036,1563.64
17851,1563.34
13939,1560.96
12629,1558.22
16140,1557.6
13042,1556.54
16394,1555.34
15149,1554.61
16017,1553.83
13360,1553.65
13377,1552.88
14186,1550.63
14754,1550.48
12926,1548.46
16366,1548.13
17454,1547.94
16790,1545.62
16915,1543.18
15701,1542.14
18252,1542.09
13783,1542.09
12818,1542.08
13310,1541.2
13579,1539.04
16835,1538.41
15798,1535.37
13402,1535.13
16491,1533.16
14567,1530.36
16714,1529.8
17610,1529.49
14068,1528.37
17990,1527.61
16340,1526.06
12970,1524.97
15587,1522.08
16066,1521.87
14055,1520.96
15574,1518.7
14264,1517.36
14267,1516.24
13791,1516
14220,1515
14682,1514.81
17025,1510.64
16910,1510.06
13370,1509.74
16037,1509.34
15948,1509.09
18074,1509.04
13158,1508.18
15261,1508
17179,1507.26
15110,1505.85
16450,1505.73
14802,1502.98
17290,1501.44
16762,1501.38
13810,1499.01
15590,1496.6
15882,1495.98
15173,1494.6
14894,1492.81
16239,1492.2
16314,1491.4
18268,1490.23
16419,1487.42
14609,1486.2
15427,1483.14
15630,1481.4
17590,1479.22
15101,1477.94
16121,1477.09
14246,1474.06
16980,1473.33
14684,1468.55
13138,1467.24
13500,1466.3
18196,1464.31
12882,1463.04
16586,1462.78
17978,1461.76
18106,1461.46
14657,1460.87
15071,1455.56
16569,1455.23
14487,1453.61
13165,1451.16
17582,1450.7
13361,1450.5
15876,1449.14
13023,1449.03
16906,1448.8
17545,1448.54
15076,1447.74
14591,1447.14
17073,1446.09
13583,1445.03
15636,1444.58
17175,1443.69
17734,1442.32
18066,1440.4
13543,1439.61
14071,1438.82
13159,1437.85
16088,1437.43
16727,1437.42
13278,1435.85
12805,1434.95
13259,1433.38
12389,1433.33
17941,1433.28
17950,1432.81
13475,1431.78
15468,1430.48
18071,1428.63
14412,1426.19
17411,1425.38
18221,1424.94
15799,1424.29
13145,1423.52
17438,1422.77
15106,1422.52
16463,1422.4
14019,1421.61
16926,1421.35
15652,1420.34
14775,1418.46
16173,1418.32
15444,1418.26
17856,1418.03
15223,1417.95
14662,1416.33
16245,1413.66
17496,1412.89
17878,1412.33
15237,1412.32
16848,1411.62
17908,1411.54
13821,1410.73
17714,1410.18
16854,1408.96
13049,1408.24
14083,1407.26
12695,1407.12
14909,1404.68
12765,1404.58
18189,1403.73
15186,1403.2
14687,1402.06
18202,1396.99
16129,1396.05
16300,1392.43
15322,1390.86
15141,1388.47
15154,1388.41
15453,1388.37
12952,1387.79
13382,1387.58
16167,1386.12
14899,1384.88
18167,1384.86
13572,1384.25
14116,1382.74
16389,1382.07
15580,1381.19
14861,1380.73
15751,1380.44
13074,1378.74
12886,1378.4
14853,1376.87
17150,1375.65
16669,1374.87
14577,1374.25
14265,1373.35
14434,1372.8
14538,1370.84
14316,1370.34
12533,1367.89
13035,1364.2
14114,1364.09
13760,1363.64
15347,1363.6
16367,1362.4
17796,1361.99
16588,1361.28
13396,1360.99
13919,1360.68
14102,1360.28
16384,1358.95
15411,1358.88
13232,1357.6
17429,1357.46
12875,1356.99
17054,1356.33
14550,1353.31
15116,1352.75
12591,1352.15
16079,1352
14847,1348.95
12646,1346.97
14320,1346.75
13639,1346.27
15398,1345.53
16222,1345.22
12426,1345.21
12463,1344.78
14618,1342.32
13743,1341.6
17499,1341.39
17097,1340.45
12620,1339.41
12711,1339.05
13803,1338.91
13220,1336.09
12919,1335.19
17033,1332.79
17932,1331.57
15774,1329.94
16372,1328.61
16295,1328.55
14712,1328.07
15146,1327.16
17027,1327.11
14956,1325
16894,1324.06
12960,1322.07
16370,1320.56
13497,1320.33
12526,1316.66
15471,1316.56
14921,1316.07
14725,1315.24
14511,1314.81
16464,1314.68
14973,1314.45
16296,1313.67
13282,1313.19
12364,1313.1
12639,1312.37
16756,1312.37
12987,1312.21
14856,1311.38
13855,1310.34
15038,1309.86
16955,1309.41
12717,1308.91
16377,1308.48
13328,1308.48
13846,1307.79
16777,1307.76
16282,1307.58
15677,1305.63
14297,1305.33
16744,1304.76
15813,1303.91
15579,1302.5
15400,1302.3
16574,1301.78
16723,1301.63
15108,1300.25
14284,1299.65
14480,1299.52
16943,1299.49
14479,1299.11
12488,1298.66
12372,1298.04
14167,1296.49
18286,1296.43
15525,1295.7
17109,1295.46
16929,1295.39
13440,1295.25
16212,1293.71
15621,1293.03
14619,1291.24
15171,1289.5
14679,1289.44
16608,1288.72
15136,1286.7
14821,1286.45
16949,1286.27
13300,1285.51
17034,1283.92
17142,1283.75
13443,1280.16
17862,1279.09
13617,1278.75
14474,1278.08
17521,1278.06
13243,1278.04
16951,1277.75
15584,1277.5
15211,1277.48
17759,1276.91
18035,1276.74
14478,1276.66
13916,1275.81
14820,1274.76
15809,1274.44
14490,1273.47
17132,1272.8
17478,1272.8
12394,1272.48
16527,1272.44
14984,1271.41
12630,1270.88
13492,1269.84
15439,1269.05
14379,1268.91
13892,1267.65
17037,1267.32
17531,1266.82
13515,1265.82
17635,1265.58
16842,1264.19
14427,1263.52
15009,1261.78
14419,1260.91
13065,1260.91
16688,1260.86
17343,1259.94
12993,1259.63
13689,1259.5
15651,1259.06
14871,1258.97
14931,1257.68
12402,1256.9
17481,1255.59
15064,1254.41
15441,1254.21
15664,1254.03
16292,1253.76
14698,1250.76
15599,1250.06
18135,1249.62
14020,1249.01
12666,1248.42
14383,1247.69
12689,1247.61
14240,1247.49
14382,1246.8
15004,1246.32
13860,1245.9
14428,1244.83
17076,1242.75
15800,1242.58
17201,1242.04
14446,1241.31
13201,1240.61
17529,1240.25
13863,1239.55
12985,1239.38
16501,1237.23
14231,1235.62
15376,1233.36
17397,1233.18
12605,1232.95
16159,1232.79
18080,1231.5
17360,1231.38
12673,1230.02
13019,1229.95
17342,1227.54
12866,1227.35
13030,1227.22
17539,1226.57
17456,1225.42
15269,1225.36
15303,1224.18
14512,1223.47
13787,1222.5
16946,1222.04
14430,1220.9
13299,1218.7
13304,1217.99
15390,1216.66
15661,1215.95
13140,1215.68
17410,1214.72
17198,1213.88
13405,1213.81
18263,1213.16
16872,1213.13
13918,1212.84
16653,1212.66
12464,1212.05
15377,1211.75
14193,1210.19
13723,1209.2
17062,1208.22
17653,1207.56
16830,1207.5
18193,1207.35
15573,1207.18
18181,1205.94
15737,1205.12
18057,1203.56
15994,1202.18
12742,1201.52
16800,1201.49
15181,1200.2
16693,1199.46
15600,1199.31
17800,1199.01
16345,1198.74
17713,1198.09
16307,1194.92
15145,1194.73
14201,1193.54
12611,1193.32
13293,1192.94
16306,1192.82
13976,1192.36
14213,1192.2
17984,1191.27
13882,1191.13
16471,1189.98
12462,1189.59
17239,1189.45
14275,1189.38
15022,1186.09
13388,1185.65
18060,1185.46
13601,1185.14
14206,1185.01
15259,1182.38
17021,1182.22
13526,1182
13395,1180.23
18277,1180.05
13270,1180
17058,1179.89
16614,1179.79
13797,1179.45
18025,1177.72
15068,1176.85
13233,1176.46
15210,1176.19
14370,1175.78
12885,1175.22
12915,1174.75
12640,1174.58
14126,1172.46
14818,1170.41
12691,1170.4
17373,1167.5
17664,1166.23
17812,1165.89
14693,1165.36
14261,1163.45
17525,1161.9
12546,1161.5
12972,1161.2
13897,1160.72
13459,1160.41
15088,1160.07
16838,1159.61
13499,1159.11
17513,1158.8
16184,1158.79
12439,1158.18
15028,1157.71
15879,1157.3
17169,1156.73
13744,1156.36
14788,1156.32
17127,1155.03
16637,1154.47
13462,1153.85
14475,1151.15
12475,1149.64
12710,1149.02
16521,1148.01
14308,1147.02
16766,1145.6
17477,1144.3
12769,1143.6
14585,1143.27
17770,1143.27
18125,1142.99
13856,1142.03
18218,1142
16769,1141.75
16270,1141.24
15586,1139.1
17500,1138
17302,1135.63
17866,1134.95
13109,1134.03
17137,1133.63
16989,1133.25
14375,1132.99
15500,1131.56
13393,1131.45
12616,1131.1
15695,1131.04
16014,1130.27
17622,1130.21
16354,1129.51
12427,1129.3
13447,1129.14
14450,1128.44
12373,1127.65
14671,1127.45
15969,1127.05
12503,1126
13167,1125.15
13778,1124.49
14917,1123.75
16916,1123.4
15436,1122.53
17492,1122.42
13486,1122.41
17562,1122.38
13368,1121.5
16895,1121.42
13589,1120.74
17007,1120.1
17871,1118.99
17423,1118.95
16430,1117.94
17788,1117.9
16278,1117.84
14971,1116.57
14966,1115.84
14080,1115.68
13509,1114.72
16203,1114.54
14672,1113.14
12679,1113.02
12648,1112
16139,1111.15
16702,1110.83
15069,1109.53
15559,1109.4
15828,1108.82
15933,1107.46
14891,1106.73
14805,1104.64
16391,1103.61
12434,1103.43
16386,1102.59
16223,1102.35
13295,1101.97
14948,1101.97
16418,1101.94
12785,1100.4
14009,1099.91
12421,1098.6
13108,1098.52
16805,1097.24
17366,1096.24
16533,1095.56
13835,1095.27
17703,1094.84
15745,1094.59
13521,1093.65
14460,1093.5
12803,1092.81
13546,1092.14
17726,1092.06
14199,1091.7
14813,1090.87
16211,1090.59
13853,1090.14
12534,1089.18
14343,1088.91
15254,1088.35
15535,1087.82
16188,1087.66
15763,1086.92
14139,1086.8
16298,1085.7
14013,1084.57
17420,1084.43
13467,1083.71
13567,1083.69
14561,1080.76
13727,1080.05
13726,1079.66
12354,1079.4
15546,1079.1
14352,1078.96
13656,1078.85
13607,1078.31
16231,1078.22
16183,1077.81
16642,1077.45
16071,1076.8
13959,1076.18
16048,1075.23
15912,1074.7
16884,1073.92
15238,1071.99
12801,1071.82
17854,1071.45
16593,1071.14
14484,1070.98
17522,1070.71
12728,1070.17
17214,1069.12
15626,1067.52
14675,1066.9
17277,1065.35
15639,1065.08
14488,1064.28
15801,1063.95
12936,1063.9
17849,1063.76
12815,1063.46
14411,1063
14204,1062.96
16903,1062.28
15026,1061.61
17616,1060.8
15003,1060.7
15706,1060.56
17727,1060.25
16261,1059.45
17421,1059.41
18130,1059.39
15850,1058.72
17555,1057.74
15407,1056.44
14734,1056.42
12791,1056.11
15645,1055.17
15977,1054.73
16728,1054.67
12716,1053.49
12580,1052.9
15886,1052.87
15855,1052.72
14947,1049.79
13775,1049.66
17934,1049.15
15464,1048.85
15839,1048.49
17578,1047.33
17474,1047
15091,1046.61
14108,1044.96
17042,1044.38
13359,1043.31
16991,1041.21
13613,1039.85
13873,1038.92
12486,1037.28
17869,1036.16
14902,1035.62
17926,1035.49
16260,1035.45
16787,1035.43
13258,1035.18
16441,1034.43
12811,1033.9
17980,1033.42
17724,1033
14248,1032.95
13000,1032.5
17405,1031.41
13235,1031.07
16385,1030.61
16198,1030.04
16284,1029.77
14932,1029.66
15333,1028.56
16682,1028
15104,1027.44
16227,1027.22
15887,1027.15
13956,1026.42
17749,1026.18
16160,1025.44
13602,1025.17
17310,1025.1
17362,1024.04
16568,1020.9
12572,1020.42
13376,1019.76
18142,1019.52
12403,1019.36
12828,1018.71
12905,1018.42
12793,1017.33
15970,1017.32
12652,1017.03
13641,1016.47
16898,1016.37
17299,1016.08
13333,1015.74
17860,1015.54
13867,1015.29
16623,1015.24
14355,1014.45
14953,1013.77
12410,1013.71
13466,1013.35
12642,1013.26
15951,1013.17
16451,1013.15
15025,1013.09
17197,1013.01
16435,1011.57
15713,1010.79
13039,1010.73
16572,1009.6
12862,1008.32
14510,1007.28
16287,1006.98
13429,1006.8
13238,1006.63
15771,1006.54
12703,1006.53
13427,1006.53
13549,1005.8
17329,1004.43
14214,1004.38
15363,1004.11
18160,1003.88
17987,1003.64
14157,1002.78
12446,1002.31
17237,1002.08
16535,1001.59
16122,1001.34
13857,1001.01
17464,1000.94
14255,1000.63
12545,1000.39
15508,1000.27
18143,1000.16
13005,999.68
12413,999.45
17205,999.35
16863,998.52
17631,998.49
18006,997.86
12722,997.63
13965,996.61
17883,995.85
16699,994.6
13292,994.51
16009,992.71
14223,991.13
13559,990
13245,989.22
15973,988.44
15176,988.04
16130,987.48
18237,987.1
16376,987.01
16661,986.63
13439,986.61
16254,985.14
17144,984.57
14142,983.15
15109,983.1
14138,982.38
12541,981.18
12543,980.25
14230,979.8
17369,979.2
13350,979.12
17221,978.52
15132,977.93
14454,977.3
17123,977.17
15247,976.06
15406,975.87
15165,975.5
15646,974.61
15449,974.52
12994,974.42
17958,973.88
12525,973.73
14350,972.03
17100,971.74
15208,970.52
13223,969.12
15907,967.45
13204,966.66
15084,965.2
12550,964.83
16763,964.7
17081,964.39
15268,961.9
15156,961.49
17544,960.69
14994,960.63
16518,959.37
14629,959.01
14437,958.84
12588,958.78
12675,958.5
18192,957.97
14958,957.94
17189,957.63
12697,957.59
17298,957.56
17516,957.55
17080,957.53
17172,956.57
16141,955.94
12990,955.5
16947,955.21
12505,955.2
15430,954.75
15835,954.09
18001,953.84
12414,952.41
14615,951.76
17955,949.9
12767,949.82
13046,949.25
13636,949.12
15177,948.93
12822,948.88
12874,948.42
15787,948.05
15723,947.65
12355,947.61
16362,946.94
16136,946.8
16861,946.59
17356,946.47
16146,946.38
17604,945.93
15707,945.58
18217,945.04
16204,944.24
13261,944.1
16199,942.75
12942,942.65
15385,942.08
18156,941.17
14326,940.98
17363,940.86
13416,940.8
15576,940.67
15107,940.35
13936,939.66
16109,939.48
17527,939.37
14605,937.16
17020,935.62
17472,935.1
14140,935.05
16781,934.25
15792,933.84
16657,933.62
18154,932.6
18133,931.5
12396,931.43
13465,931.12
14924,931.01
15957,930.1
16034,928.72
14338,928.1
13288,927.61
15243,927.28
17805,927.03
16975,926.12
12745,925.41
13805,924.6
17864,924.32
14128,924.21
17143,924.11
16643,923.11
13034,922.68
17322,922.59
15654,922.53
13122,922.39
13934,922.1
12638,921.49
14272,920.81
12998,920.08
14568,919.7
13075,919.61
13872,919.57
15304,919.55
17760,918.93
16387,918.55
15542,918.45
14342,918.44
12368,917.7
14061,917.43
14015,917.34
14423,916.61
14549,916.55
13573,916.47
14176,916.01
14839,915.28
14141,915.13
16216,914.93
12940,913.54
15364,913.19
14359,912.18
15244,912.08
14289,911.26
14133,911.14
15919,910.61
16138,910.35
16411,910.19
15511,909.23
13548,908.99
13038,908.46
15097,908.35
14729,907.38
14714,906.24
14969,906.23
12808,906.1
13255,904.46
15180,904.43
17746,904.18
17176,902.32
17382,902.28
17480,902.03
17566,901.21
15900,900.4
17226,900.12
12945,900.11
16442,899.47
16834,898.96
15710,898.87
17537,897.62
16361,896.66
15992,896.6
16784,896.53
13996,895.76
13569,893.78
15066,893.59
12772,892.47
17155,892.46
15393,891.34
14065,891.02
15824,890.94
16228,890.81
17968,888.04
17708,887.93
16900,887.11
14686,885.83
17704,885.19
13166,884.18
18141,882.47
12680,880.81
17361,880.64
16677,880.62
13937,880.13
14551,880.04
14612,877.7
15653,877.44
14645,876.89
18043,875.97
13768,875.97
14681,875.15
14508,874.94
16513,874.59
15469,874.25
17223,873.53
15224,871.36
13200,870.09
14753,869.51
16948,868.77
16357,868.37
17167,867.11
17358,866.05
16567,865.6
13922,865.2
14600,865.17
13891,863.56
15870,862.61
16668,862.42
15483,862.2
12787,862.18
15012,860.62
12794,860.41
13339,860.12
14372,860.08
17064,859.35
12440,859.2
15287,856.03
17161,856.01
13991,855.97
12878,854.99
13945,854.15
14873,854.13
16877,853.72
17349,852.25
15266,852.21
16070,852.15
12696,851.91
17674,851.7
13479,851.37
16020,851.01
18108,848.81
16798,848.71
12713,848.55
15264,848.4
15784,848.33
14202,847.76
13221,847.41
13487,846.87
16924,846.75
13970,846.55
14087,846.22
14803,845.55
18078,844.6
16500,843.91
14922,843.74
15070,843.25
16344,842.42
16846,842.41
17638,842.4
16810,842.04
14862,841.2
12891,840.5
13169,840.08
18247,839.73
13940,839.14
17332,838.27
16264,837.53
14037,836.95
15832,836.79
14929,836.69
13795,836.3
16747,836.06
13386,835.46
14556,835.34
16737,835.2
15190,834.44
16644,833.78
12903,833.53
13175,831.45
15766,831.06
15759,830.93
17003,830.16
14851,829.41
12730,829.25
13544,829
16469,828.91
12953,828.81
15617,828.55
13681,827.83
17045,827.68
15945,827.27
16246,827.25
12792,827.01
12461,826.88
12781,826.74
16494,826.53
16869,825.42
15006,825.14
17880,824.92
13513,824.59
14260,824.28
15137,823.4
15847,822.57
16164,822.48
16680,821.45
13893,821.1
15314,820.45
17952,819.61
16135,819.45
17683,819.01
13612,818.29
13595,818.22
14890,817.25
14872,816.6
13514,815.9
15399,815.77
16460,814.72
14656,814.65
13811,814.5
12763,814.16
16658,814.07
14624,814.07
16621,813.48
15644,813
18084,812.93
17194,812.5
17251,812.43
16624,810.57
13637,810.5
16958,809.44
13045,808.92
17114,808.62
17817,807.85
15533,807.57
17495,806.72
15952,806.57
12797,806.11
12632,804.88
18248,804.02
15921,802.11
15831,801.76
18265,801.51
16806,801.49
16127,801.31
13415,800.67
17023,800.18
13980,799.92
13720,799.9
13041,799.13
17255,799.13
16952,798.78
16438,798.35
17801,798.33
15309,797.96
13389,797.96
17281,797.85
15637,797.59
16155,796.9
15396,796.38
15872,795.68
16720,795.48
13336,795.12
16961,794.56
17212,794.41
14690,794.33
18034,793.7
16679,793.06
13296,792.51
14022,792.15
16250,791.38
14976,790.86
13484,790.72
13016,789.89
12923,789.87
16759,789.79
16472,789.6
13598,789.59
15448,788.81
14557,788.38
13212,788.08
14513,788.01
13323,787.85
16468,787.52
14463,786.57
12628,786.46
16739,786.43
16972,786.25
13770,785.37
13541,785.25
15714,784.81
15806,784.58
15743,784.46
17387,784.11
12761,782.95
16836,782.37
13453,781.69
13287,781.59
15679,781.28
15239,780.59
13502,780.5
15246,780.4
17691,780.05
18228,779.9
12735,779.57
12504,779.05
13781,778.83
14815,778.5
17482,778.19
16505,777.6
13563,777.53
13745,777.36
15837,777.01
15794,777
15618,776.85
14997,776.6
15092,776.46
18112,775.96
13314,775.94
13341,775.85
14234,775.46
16447,775.14
15414,774.9
17889,774.87
15773,774.52
18058,774.06
14838,773.67
16565,773.05
15075,773.03
14247,772.66
12965,771.91
14104,771.58
14998,770.73
14413,770.37
15988,770.09
16480,769.29
16978,768.88
13356,768.24
15331,767.91
13712,766.42
12991,764.82
15908,764.57
13699,764.15
16602,763.33
17466,763.28
16392,763.05
15428,762.75
16892,762.1
14883,761.59
17425,759.17
18246,758.82
15568,758.29
17979,757.71
17461,757.46
16262,755.15
18104,754.64
17141,754.33
17579,753.28
13730,752.6
13070,751.7
14923,749.1
14048,748.69
15656,748.5
14942,746.56
14050,746.36
16465,746.24
18190,745.62
14228,745.5
13950,745.06
13236,744.85
12871,744.02
13354,743.53
13713,743.26
17038,743.17
16730,743.11
15420,743
14302,742.9
17005,742.36
12465,742.19
15720,741.92
18275,741.85
13721,741.54
12603,739.2
15922,739
15462,737.05
16075,736.93
13780,735.82
15045,735.66
12527,735.51
17430,735.17
13286,734.91
15938,734.81
17756,733.7
17964,733.46
17615,733.2
12537,732.94
13575,732.07
17825,731.96
17548,731.26
17681,731.2
17999,730.9
14778,730.86
13921,730.7
17834,730.47
13452,729.8
12925,729.33
18163,728.84
12786,728.5
17547,727.85
17374,727.11
12519,726.54
12723,725.07
18187,724.89
13729,724.73
14798,724.31
17572,723.01
15368,722.74
13264,722.56
17561,722.34
13057,722.09
13441,720.9
16023,719.81
14179,719.78
16415,719.44
13537,717.85
13604,717.62
16269,717.57
12573,717.41
12890,717.27
16526,717.21
15274,716.57
12535,716.35
16274,715.9
12492,715.21
15330,714.96
17051,714.39
13512,713.39
14026,713.11
13147,712.8
17761,712.78
14470,712.04
15127,711.5
16885,710.74
13103,709.64
13927,708.26
12485,708.1
14398,707.79
16449,707.69
12453,707.09
16364,707.04
13626,707.04
16309,706.57
17976,706.38
14880,706.19
16015,705.39
16882,705.12
12612,704.04
12883,703.47
18082,703.37
15103,703.36
15901,703.22
14699,702.6
16997,702
14324,701.61
13833,701.36
14356,701.23
17163,699.78
13242,699.4
16018,698.13
15053,697.79
14497,697.06
13596,697.04
15700,696.68
15995,696.19
16704,695.66
14959,695.42
13101,695.4
14111,692.85
17733,692.19
12817,690.98
15184,689.95
16545,689.82
17502,689.1
15361,689.07
12837,688.41
12450,688.2
18017,688
17962,687.42
16343,687.07
14809,686.76
15880,686.56
13898,686.4
16824,686.24
17935,686.14
12658,686.05
15257,685.9
15219,685.45
18123,684.59
13585,684.54
16495,684.41
15669,684.34
16601,684.25
15207,683.92
17874,683.46
14222,683.17
15582,682.91
13987,682.54
12601,681.26
12478,680.99
18271,680.85
13524,680.18
13809,679.7
13430,679.45
14151,679.45
14563,679.44
17782,679.02
16646,678.8
14182,678.77
13925,678.25
13974,677.72
13040,676.99
17462,675.69
13325,675.3
13355,674.7
13951,674.45
15562,673.38
14504,673.26
18121,673.1
16648,672.8
16226,672.17
17011,671.7
17709,671.01
13398,670.34
17418,670.06
13741,668.43
16268,667.65
13217,666.48
17777,665.86
17105,665.78
14452,665.59
16056,664.85
16132,664.2
15643,664
14720,663.81
13474,663.79
16573,663.61
15350,663.25
17852,663.21
17371,662.55
13864,662.4
16862,662.33
14425,661.39
13028,661.32
12386,660.8
16887,660.72
13820,660.65
17375,660.55
16428,660.28
14603,660
15405,659.84
15492,659.46
13518,659.44
13759,659.41
13622,658.95
14150,658.64
17779,658.57
13433,658.32
15715,658.02
16696,657.9
15648,657.35
17459,657.3
16157,656.69
16708,656.63
14558,655.5
16117,654.4
17398,653.38
13496,653.33
15205,653.24
17523,652.74
14034,651.82
17963,651.51
13840,651.4
12855,650.94
16734,650.51
16969,650.41
15276,649.53
12844,648.6
16412,647.23
14024,645.74
17380,645
12719,644.95
16185,644.72
17312,644.3
13237,643
16431,642.81
15297,641.94
16399,641.82
14537,641.4
12365,641.38
12624,641.13
13318,640.76
12538,640.45
16368,640.21
12880,640.13
15183,639.93
12734,639.65
17998,639.24
12699,638.11
14664,637.89
17134,637.1
15829,636.14
16534,635.9
17334,635.15
17985,634.95
14594,634.83
14365,634.68
16330,634.33
14219,633.83
15666,632.94
13540,632.39
14237,632.14
18183,632.07
13822,632
13444,631.68
14381,631.34
13706,631.17
16193,630.43
15016,630.3
18101,629.16
13525,628.78
14283,628.44
16158,628.32
16022,628.28
14455,628.21
13480,627.82
14036,626.65
17392,626.56
13914,626.45
14793,625.9
16715,625.52
14169,624.43
13776,623.98
16750,623.93
15147,623.5
16792,623.46
15258,623.16
12575,622.82
14115,622.67
13836,620.37
14339,620.27
12667,620.13
14529,620.04
16776,619.85
13020,618.96
14079,618.73
13493,618.63
16613,618.59
12596,618.27
13301,618.09
15956,617.6
14377,617.05
13369,616.56
16311,616.26
17639,615.17
15275,615.14
14077,615.08
16847,614.89
15748,614.76
16566,614.66
16844,614.34
14570,613.75
13832,613.69
17035,613.59
15362,613.08
16116,612.78
16178,612.6
16589,612.36
12513,612.29
13008,612.13
15232,612.06
17209,611.6
16922,611.08
13731,610.59
14636,609.85
17325,609.57
17707,609.3
16675,608.86
13933,608.79
15018,607.46
15717,607
17473,607
17119,606.91
15158,606.02
16590,605.9
17507,605.58
16780,605.55
13558,605.06
14323,605.06
16321,604.55
12944,604.51
17270,604.4
14611,604.33
14417,604.2
12556,603.71
13106,603.46
12707,603.42
18264,603.25
16445,602.73
16080,602.56
17890,602.09
14670,602
12654,601.98
14254,601.03
12420,600.39
17745,600.34
18211,600.07
17678,599.76
12521,599.68
14965,599
14569,598.98
13311,598.57
17845,598.19
15424,597.78
14170,597.33
13684,596.98
15631,596.67
15346,596.12
17658,595.42
14771,594.62
15929,594
15442,594
14746,593.5
18232,592.97
13472,592.24
17815,591.96
17156,591.87
12790,591.85
17483,591.73
15524,591.4
17098,591.07
15160,589.27
15624,588.13
15191,588.05
17014,586.33
14173,586
12384,585.27
17773,585.27
12800,584.25
14023,584.07
15762,583.75
16001,583.39
15918,582.88
16100,582.64
16802,582.61
17970,582.59
17099,582.17
14742,579.85
16596,579.63
15588,579.6
15959,579.49
18039,579.17
18262,577.54
17274,577.38
15830,576
17557,575.46
12859,575.1
13262,573.45
12879,573.22
15415,572.81
13424,572.77
13379,572.56
13179,572.31
14053,572.3
12816,572.2
13816,571.67
15920,571.64
15198,571.35
15691,571.3
18053,571.07
15821,570.96
13190,570.66
17122,570.5
15315,570.5
15857,570.48
14592,570.46
16667,570.13
17433,569.96
15169,569.22
13406,568.92
18244,568.64
13321,567.36
14208,567.05
15627,566.9
14986,566.9
13998,566.7
18150,566.58
14716,565.45
13894,564.62
15344,563.94
15143,563.63
15597,563.37
17665,563.1
17195,562.98
17265,562.9
16111,562.48
12559,561.71
18127,561.53
17233,560.86
15655,560.67
15917,560.63
17413,560.14
15055,560.07
14273,559.97
16414,559.71
17503,558.96
13260,557.62
17295,556.95
18049,556.52
16519,556.26
13677,556.19
13024,555.87
15102,554.67
15634,554.65
18056,554.6
16641,554.5
15650,553.88
17407,552.9
16406,552.68
17016,552.4
12363,552
16936,551.17
16707,551.11
18098,550.84
17291,550.8
12390,549.84
15200,549.05
16536,548.97
16031,548.94
15842,548.8
13948,548.76
15598,548.02
16811,547.07
17637,547.06
17520,546.81
18212,546.72
12743,546.43
15080,546.25
17248,546.16
17806,546.04
17580,545.27
13955,545.17
15728,544.6
18207,544.47
16475,544.3
13390,544.08
16927,543.05
17514,542.83
13785,542.49
15675,542.04
16230,542.03
16060,541.95
16647,541.9
17447,541.53
17643,541.25
16576,540.87
12819,540.52
12958,539.49
17524,539.14
13812,539
15539,538.46
13961,538.4
14539,537.48
17269,537.46
16804,536.99
18140,536.41
13207,535.86
15890,535.65
16142,535.34
12988,535.32
16935,535.1
12810,534.99
13807,534.8
13385,534.57
17443,534.24
17436,534.06
16785,533.78
13594,533.32
15433,533.3
15756,532.96
15825,532.94
15659,532.49
16021,532.25
15115,531.85
14940,531.49
16583,531.4
16706,531.35
17765,530.8
18159,530.15
14002,529.73
17458,529.58
18191,529.4
16413,528.98
14616,527.78
12479,527.2
18011,527.03
16421,526.27
15467,524.88
15683,524.54
15891,524.52
13277,523.3
17712,522.91
13605,522.67
12956,521.89
15689,521.03
14647,519.97
13977,519.81
12571,519.61
12777,519.45
14807,519.29
12825,518.63
13600,518.42
13553,517.8
17266,517.73
12979,517.7
12977,517.63
18205,517.36
14311,516.45
13043,516.42
14429,516.28
13859,515.86
18243,515.78
14949,515
13642,514.72
17510,514.56
12897,514.25
14722,513.37
16829,513.32
13177,512.2
16402,511.4
14552,511.28
12361,511.25
16561,511.12
17110,510.7
13367,510.2
12904,509.58
13710,509.52
14008,509.04
12436,509.01
12907,508.91
15417,508.8
17391,508.8
14317,508.58
13067,508.51
17276,508.39
17335,508
17415,507.84
14158,507.66
17384,507.55
15721,507.08
13885,506.8
13123,506.75
14968,504.99
18203,504.42
17630,503.6
14954,503.44
12376,503.15
12419,503.01
15138,502.52
13865,501.56
15881,501.39
13116,501.14
13247,501.12
16616,500.42
12366,500.24
13428,499.98
15193,499.32
17256,498.93
16488,498.8
14171,498.79
17608,498.53
17053,498.48
16820,497.61
17680,497.45
17923,497
12943,496.5
15300,496.44
15278,496.16
16977,496
16799,495.98
17995,495.48
14319,494.85
16352,494.44
17333,494.25
17823,494.25
15877,493.28
15958,492.99
15447,492.88
13176,492.84
14270,492.65
15507,492.36
14310,492.1
13732,491.86
17106,491.23
14663,490.6
15000,490.52
14416,490.22
12983,490.08
12634,490
17476,489.86
17715,489.6
17988,489.54
17925,488.16
18280,488.15
12920,488.09
13412,487.35
13733,487.03
13675,486.82
17453,486.72
13153,486.22
15216,486.09
12443,485.31
16999,484.82
16504,484.38
16024,484.2
15048,482.75
16603,482.47
17996,482.33
12542,481.88
18216,481.75
15174,481.46
14052,480.81
13161,478.88
15589,478.53
17111,476.58
12447,476.49
18176,476.35
15277,476.34
15780,475.28
16552,475.02
14599,474.54
14322,474.1
17104,474.03
15349,473.81
15557,473.65
16635,473
13194,472.78
14975,472.39
16038,471.78
16473,470.83
13066,470.8
15963,470.76
17254,470.73
18083,470.73
14819,470.16
14058,469.19
14369,469.13
15387,468.65
12554,468.5
13171,468.41
14335,468.26
14491,468.13
17344,468.11
14727,467.93
17294,467.79
17187,467.71
14029,467.66
16390,467.5
14148,466.29
13248,465.68
15036,465.55
13698,465.53
17181,465.37
17140,465.32
13928,464.57
17040,463.25
14627,462.75
14331,462.66
18031,462.1
13624,462.08
18284,461.68
14575,460.71
15540,460.68
12491,460.4
16310,460.08
14118,458.45
13957,458.25
14011,457.82
15121,457.72
16069,457.7
12375,457.5
12564,456.9
14296,456.4
16039,456.4
12999,455.88
15585,455.3
16765,454.75
17067,454.54
12459,454.36
15475,454.11
17564,454.01
17376,453.64
18158,453.4
16481,453.38
12729,453.01
14184,452.89
15418,452.32
18100,451.56
15802,451.42
15961,451.29
12831,451.11
15124,450.82
16870,450.16
13150,449.97
14784,449.93
13877,449.68
13489,449.52
15126,449.49
12448,449.45
15739,449.12
16939,449
14761,447.92
14780,447.68
18201,447.53
16095,447.05
13754,447.05
16921,446.67
14149,446.62
17370,446.18
17070,445.32
14010,445.15
14328,445.05
18134,445
12788,444.9
18270,444.55
14638,443.6
16424,443.06
16404,443.05
18222,443
14093,442.85
14996,442.29
17699,442
13738,440.93
16932,440.71
12579,440.42
18233,440
13954,439.92
16025,439.66
14979,439.46
16968,439.43
13086,439.33
17718,439.18
13432,439.1
13358,439.03
13964,438.9
17729,438.65
15859,438.46
17807,437.87
12552,437.82
14846,437.4
15553,437.23
16888,437.15
12672,437.05
14877,437
17178,436.71
16084,436.18
14123,436.18
16166,435.83
18110,435.43
12445,434.98
15323,434.6
14910,434.35
14238,434.23
14581,433.8
18029,433.77
12493,433.74
15613,433.72
16522,433.36
17687,432.68
16604,432.45
16236,432.2
16881,432
14042,431.98
15488,431.92
17842,430.69
12452,430.57
12795,430.48
12827,430.15
15450,429.84
15461,429.7
15230,429.6
13413,429.44
15915,429.21
15888,429.16
16324,428.68
18089,428.45
17285,428.34
15545,428.05
15360,427.93
12740,427.6
18285,427
17740,426.9
18152,426.69
15930,426.63
14288,426.6
15966,426.53
15217,426.24
13703,425.56
17103,424.3
16541,424.03
16913,423.91
15504,423.85
17330,423.8
14097,422.86
13374,422.8
16137,422.7
16689,422.6
18240,422.58
16149,422.22
17232,421.52
17601,421.48
13574,421.25
16773,421.24
14757,420.5
15206,420.3
15894,420.29
15711,420.25
18128,420.04
13672,419.92
13442,419.87
13096,419.7
14124,419.58
13079,419.18
15262,418.82
12593,418.1
13073,418.08
15968,418.05
17701,417.95
17855,417.94
16629,417.73
16832,417.61
14762,417.57
12833,417.38
17258,417.3
16816,417.06
15935,416.86
16957,416.64
15011,416.6
16355,416.35
16356,415.87
12930,415.8
12608,415.79
15725,415.25
14333,415.2
16752,415
13565,414.8
18278,414.2
13002,414.13
17052,413.75
13669,413.55
14082,413.36
17767,413.05
17662,412.92
14620,412.78
18050,412.06
13827,412.05
16272,411.7
16815,410.97
15960,410.95
15099,410.48
17598,409.98
14348,409.57
15225,409.4
16864,409.25
16243,409.1
13686,409.04
12974,408.95
15446,406.95
12353,406.76
16632,406.4
17000,406.3
15280,406.22
15342,406.09
12741,406.07
18111,405.85
12922,405.38
13143,405.1
15941,405
13640,405
17379,404.66
16319,404.4
16484,404.3
12498,403.7
14678,403.39
17785,403.38
17431,403.3
13530,402.98
14172,402.72
16315,402.71
15037,402.51
15501,402.5
17094,402.2
16998,402
16893,401.77
18048,401.73
14494,401.46
14736,401.08
14471,400.95
17403,400.57
17168,400.2
14358,400.06
18164,399.65
16538,399.62
13252,399.3
15522,398.84
17830,398.7
12508,398.27
15577,397.98
13352,397.98
15429,397.35
17789,397.15
12824,397.12
13673,396.92
17486,396.87
13597,396.71
15883,396.48
17918,396.39
18067,396.33
13879,395.5
17286,395.48
13083,395.43
17617,395.33
12677,395.1
16207,394.38
15386,394.14
12499,393.72
17300,393.64
15345,393.54
15437,393.45
16868,393.39
13584,392.45
17563,392.38
16827,392.13
16783,391.95
13966,390.86
14072,390.85
14706,390.69
17753,390.56
17614,390.07
14197,390.05
17936,389.84
17116,389.78
18024,389.78
14752,389.64
13345,389.5
17479,389.26
12690,389.01
17595,388.79
18227,388.75
15592,388.58
13896,388.55
13899,388.52
17357,388.14
17771,387.41
16148,386.62
14779,386.15
16492,385.56
12973,385.55
12889,385.46
12829,385.3
17804,385.23
14826,385.2
17711,385.1
17772,384.77
17171,384.59
16433,384.52
17250,384.52
17012,384.16
16982,384.06
14598,384.04
15155,383.97
13792,383.95
12515,383.7
15440,383.68
12547,383.58
12832,383.03
13817,382.98
14767,382.81
17568,382.79
16988,382.67
13997,382.31
13657,382.14
14908,381.9
16304,381.66
15090,381.32
17393,381.15
17903,381.09
12796,381
17573,380.6
16930,380.55
14731,380.02
16577,380
17783,379.91
14200,379.2
18162,379.16
16909,379.14
13372,378.64
17078,378.2
12651,377.75
12941,377.49
17736,377.44
17717,376.92
16544,376.7
17489,376.64
14353,376.5
14531,376.34
17912,375.5
13688,375.5
14448,375.35
14294,375.34
17810,374.81
14067,374.7
13545,374.64
13351,373.94
13283,373.36
17437,373.17
15337,373.02
13197,373.01
14981,372.92
12895,372.8
12544,372.7
15989,372.51
12981,372.22
13164,372.2
17245,371.63
18155,371.62
15472,371.56
14950,371.2
15975,371.01
15063,370.8
15765,370.63
14168,370.45
15458,370.44
17792,370.05
16758,369.34
14888,369.2
15477,368.4
16448,367.87
14018,367.15
13187,367.01
14962,366.91
14244,366.42
12899,366.4
17911,366.23
16974,365.5
15029,365.1
17536,364.83
14886,364.8
15949,364.72
15343,364.5
14528,364.22
16509,363.7
14253,363.4
16078,362.99
16378,362.95
13962,362.8
14840,362.71
14122,362.42
17339,362.36
18119,362.24
16052,362.06
16259,361.94
13844,361.62
16305,361.22
18091,360.85
13274,360.85
17945,360.35
18208,360.08
13298,360
15008,360
13181,359.69
17660,359.47
14926,359.4
14919,359.35
15120,358.82
15863,358.7
18003,358.61
17948,358.56
16856,358.49
17748,358.15
13228,358
16606,357.66
15595,357.6
12495,357.4
17967,357.29
16971,357.21
18040,357.2
18273,357
13234,356.95
14500,356.85
17200,356.71
15840,355.56
12617,355.53
12996,355.5
16920,355.45
14268,354.85
15986,354.42
12888,354.12
12845,354.09
12715,353.86
17252,353.86
16323,353.66
13210,353.48
13343,353.43
14804,353.27
16382,353.1
16690,353.03
17780,352.91
17196,352.9
13765,352.82
16857,352.8
15334,351.67
12566,351.65
16192,351.3
13923,351.13
16263,351.01
14252,350.99
13332,350.9
13281,350.85
17835,350.64
17795,350.39
16476,350.35
12532,349.83
13670,349.7
13887,349.55
13550,349.51
18090,349.4
18250,349.27
14545,349.25
13790,348.8
17577,348.75
15282,348.59
12760,347.8
17668,347.75
15085,347.54
16006,347.17
12441,347.1
13062,346.98
12411,346.9
16423,346.12
15781,345.46
14724,345.25
13774,345
14633,344.9
18199,344.75
15519,344.61
17569,344.14
16990,344
13068,344
15047,343.62
15520,343.5
18081,343.45
13519,343.21
18047,342.69
16851,342.45
14989,342.4
17833,342.36
17542,341.7
16826,341.7
16585,341.59
13347,341.36
17917,341.28
17928,341.24
16044,340.84
15818,340.5
12900,340.33
12698,339.75
13737,339.6
14203,339.34
17697,338.95
17839,338.8
14630,338.65
17776,338.56
14799,338.15
17296,338.13
12869,337.67
15942,337.44
12780,337.4
13930,337.34
18269,337.2
17973,337.04
17488,336.5
17914,336.43
15619,336.4
13482,336.09
16273,336.04
14196,335.52
16063,335.32
14094,335.22
12489,334.93
17821,334.62
12350,334.4
17607,333.81
13216,333.74
14241,333.7
14957,333.29
16234,333.18
14137,332.7
13904,332.64
16850,332.41
16803,332.3
16452,332.17
17647,331.66
15512,331.58
17435,331.35
16030,331.24
13981,331.14
16478,331
15878,330.77
17309,330.59
14517,330.45
17301,330.43
12807,330.35
13010,330.12
15130,330.11
12850,330
18186,329.58
17518,329.42
17154,329.34
16436,329.34
15153,329.25
15979,329.22
16286,328.95
14012,328.8
16855,328.4
15213,328.35
14747,328.2
16318,328.15
15709,327.85
15735,327.68
13498,327.38
12804,327.02
16322,326.75
12460,326.65
14070,326.55
13646,326.25
17843,326.23
17439,325.74
13661,325.24
15670,325.2
13801,324.8
15982,324.51
12946,324.45
18261,324.24
16685,324.24
13834,324.19
15869,323.66
17440,323.58
13025,323.39
16195,323.25
17793,323.04
14263,322.93
16627,322.8
14832,322.69
16342,322.41
14424,322.08
17326,321.95
15726,321.91
13111,321.88
17471,321.65
15770,321.45
14823,321.43
17182,321.3
15236,321.05
15432,320.76
18117,320.72
14622,320.58
17991,320.55
13986,320.46
16683,320.25
13942,320
13843,319.75
16674,319.61
16967,319.02
17229,318.76
15682,318.24
14703,318.17
18253,317.88
17267,317.62
15616,317.11
17689,317.08
16761,316.62
15204,316.58
12529,316.48
13494,316.26
15196,316.25
17408,316.09
12614,315.6
15042,315.45
16091,315.06
17121,314.74
14991,314.67
18206,314.66
13660,314.59
12650,314.44
18070,314.1
15873,313.92
13087,313.64
16582,313.62
12665,313.6
17882,313.46
13845,312.98
15162,312.9
13905,312.65
15318,312.62
13226,312.46
12834,312.38
14951,311.69
12852,311.55
13990,311.3
12898,310.96
15724,310.85
13400,310.83
16328,310.83
13847,310.72
16439,310.7
12738,310.7
15185,310.62
14848,310.56
14181,310.55
15308,310.47
15188,310.43
13315,310.26
14749,310.15
13628,310.14
17383,309.99
15699,309.65
16373,309.49
12884,309.05
15010,308.94
16956,308.74
16194,308.6
14927,308.2
16524,308.14
15302,308
13289,307.95
15778,307.95
16123,307.78
13529,307.76
15454,307.69
14777,307.56
13060,307.53
17120,307.46
13932,307.4
15374,307.32
14783,307.3
17721,307.21
13036,307.1
13142,307.09
15087,306.94
17551,306.84
16649,306.58
13718,306.55
18059,306.46
17077,306
15135,305.68
16796,305.62
16181,305.54
14990,305.42
13383,305.28
15893,305.28
13667,305.02
15163,304.47
18185,304.25
16217,304.25
14043,304.25
17688,304.2
16489,303.7
14791,303.63
14806,303.43
17207,303.22
18255,303.15
15060,303.09
16425,302.7
18165,302.46
17506,302.2
15054,302.1
15242,302.04
16297,301.9
13773,301.54
15667,301.32
15148,301.29
13625,301.26
16437,301.25
12351,300.93
16479,300.83
16050,300.7
17556,300.67
14797,300.31
17766,299.61
12864,299.57
13346,299.4
17898,299.18
12595,299.02
17124,298.89
15609,298.48
17824,298.4
12881,298
18018,297.99
14835,297
13708,296.88
14985,296.75
17627,296.36
13751,296.25
13504,295.93
15962,295.83
14269,295.73
14614,295.13
16252,295.09
16579,295.05
17057,294.74
15041,294.02
17927,294
15718,293.79
14192,293.74
15928,293.53
17710,293.5
17441,293.35
16721,292.47
16543,292.21
13739,292.2
13449,291.88
17907,291.76
16615,291.5
18182,291.13
15391,289.87
16897,289.78
13796,289.7
14433,289.6
14162,289.36
17501,288.6
16808,288.42
13616,288.1
16432,287.4
17497,287.25
13508,287.05
13909,286.6
14183,286.29
14660,285.74
14402,285.6
17636,285.56
16890,285.41
12487,285.3
17355,285.11
16429,284.55
15445,284.5
17359,284.46
15354,284.4
12851,284.13
13121,283.73
15662,283.73
15338,283.43
15936,282.79
13511,282.76
12771,282.3
17247,282.19
17072,282.05
16557,281.85
13326,281.76
13679,281.26
18042,281.15
15772,280.88
13080,280.73
14242,280.55
13606,280.54
13581,280.53
15556,279.77
17264,279.59
17786,278.74
14764,278.3
14303,277.94
16334,277.48
15355,277.05
13272,276.56
12750,275.88
13399,275.4
16313,274.15
12789,273.35
13307,273.34
13861,273.26
15964,272.96
17498,272.22
13917,272.04
14816,271.85
17292,271.75
14436,271.7
16089,271.44
13058,271.4
15943,271.29
17278,271.24
13837,271.24
18238,270.92
13533,270.79
14520,270.6
16757,270.48
12558,269.96
18267,269.37
12751,268.27
18254,267.9
14039,267.28
15408,267.18
15503,267.15
15320,267.13
15517,267.03
15423,266.89
14863,266.76
16502,266.5
15119,266.4
14392,266.4
12962,266.39
15019,266
16074,265.25
13973,264.7
13128,263.5
12892,263.38
17808,262.64
13331,262.4
14526,262.4
17910,261.7
12655,261.35
17385,261.11
13189,260.68
15014,260.17
17901,260.08
17022,260
16733,259.68
17125,259.35
13127,259.17
17558,259.17
17219,259.13
15536,259.09
16381,258.7
13683,258.6
13227,257.7
16542,257.32
15852,257.26
14483,257.1
15404,257.06
14166,256.85
14876,256.7
14274,256.6
12430,256.4
13806,256.38
17896,256.32
13250,256.04
13825,255.59
14881,255.4
16911,255.25
12746,254.55
12604,254.18
15923,254.16
17992,254.13
14765,254.11
17626,254
16845,253.88
17210,253.37
15035,252.73
13251,252.68
16908,252.59
15552,252.52
13404,252.49
13645,252.1
16453,251.71
16976,251.52
14501,251.21
18266,251.1
16962,251.04
15231,250.26
17303,250.04
15510,250
18002,249.92
18005,249.72
15884,249.7
13747,249.4
12563,249.24
16508,248.8
13061,248.61
13592,247.96
15293,247.5
18072,247.44
13349,247.32
14658,247.15
14654,246.86
15697,246.75
13943,246.54
15495,246.5
15378,246.5
15783,246.3
18153,246.22
16778,245.94
14325,245.48
14281,245.15
12660,245.1
15118,244.8
16528,244.41
14694,244.31
13551,244.2
17892,244.1
13676,243.9
16793,243.84
13886,243.56
15543,242.84
16215,242.35
17915,242.13
17009,242.06
13445,241.9
13582,241.68
13275,241.66
15776,241.62
14774,241.45
14523,241.09
16427,241.06
13674,240.68
15286,240.55
15336,240.5
15931,239.9
15690,239.76
17055,239.55
13570,239.49
13789,239.46
17684,239.41
12663,239.4
17981,239.12
12561,238.85
12718,238.25
16280,238.05
14982,237.78
17877,237.61
14458,237.42
14586,237.36
15457,237.07
16740,236.81
12732,236.26
13608,236.2
13088,236.11
16026,236.09
17093,235.88
17872,235.87
16046,235.78
17993,235.19
12392,234.75
17868,234.65
13114,234.38
14473,234.34
17060,234.24
13009,234
12736,234
13348,233.76
14153,233.4
15294,233.35
13129,233.25
14995,233.23
16302,233.22
15451,233.21
13678,232.6
18213,232.48
16408,231.93
17151,231.9
13619,231.69
17136,231.68
18279,231.34
15487,231.32
15001,230.86
18030,230.65
15866,230.53
17261,230.44
13960,230.22
18197,230.1
14069,230.06
14314,229.8
14017,229.75
12812,229.64
13403,229.5
14596,229.47
17185,229.46
15528,229.33
17743,229.2
17347,228.96
15273,228.96
13146,228.91
17989,228.83
17066,228.34
16760,228
15566,227.87
14363,227.47
18021,227.06
18132,226.9
13651,226.85
16540,226.7
14718,226.42
16666,225.94
14357,225.77
16622,225.4
16587,225.15
16346,224.51
15175,224.14
12914,223.98
16753,223.92
14928,223.91
16562,223.86
13926,223.85
18131,222.96
12887,222.4
15897,222.05
15788,221.83
14445,221.65
17087,221.53
14960,221.27
13419,221.06
15790,220.85
12821,220.8
16482,220.62
13033,220.55
18007,220.32
18114,220.1
13454,219.87
13992,219.5
14074,219.4
15096,219.39
12799,219.35
14271,219.13
12702,219
15086,218.53
17619,218.52
12574,218.45
17217,218
15591,217.9
16874,217.74
16035,217.73
15490,217.6
13271,217.38
15295,217.24
15554,217.2
13423,217.03
15401,216.95
15460,216.76
17902,216.4
15604,216.39
13858,216.17
16179,215.83
15052,215.78
14476,215.7
16189,215.48
14376,215.46
18157,215.35
14635,215.22
14106,214.8
16338,214.8
14361,214.71
15558,214.13
14601,213.96
13621,213.85
17153,213.78
13411,213.55
16591,213.5
13724,213.01
13691,212.78
12961,211.99
12470,211.95
14843,211.8
15703,211.5
12995,211.32
14992,210.5
17271,210.39
13532,210.31
17484,209.57
13828,209.49
13056,209.48
14003,209.41
15112,209.4
16487,209.4
17026,208.98
15327,208.75
13290,208.63
15741,208.62
16914,208.46
16457,208.36
15212,208.28
12848,208
16964,207.85
16866,207.74
13099,207.36
15925,207.15
15820,206.98
18126,206.83
17166,206.34
14964,206.21
14519,206.09
15914,205.99
16090,205.91
14278,205.83
17670,205.7
16490,205.41
14602,205.36
15307,205.3
15758,205.25
12400,205.25
17112,205.17
15319,204.5
16901,204.26
17206,204.24
14468,204.24
13017,204
17394,203.87
17891,203.86
15020,203.42
17074,203.05
15459,202.83
18169,202.65
12416,202.56
14892,202.35
14385,202.11
16937,202.1
13284,201.19
16965,201.19
18281,201.14
13556,200.82
14330,200.63
17693,200.47
13133,200.45
13944,200.43
14782,200.1
15593,199.8
13322,199.48
14521,199.45
17184,198.41
12581,197.71
17778,197.7
14185,197.65
14789,197.64
12927,197.31
14830,197.13
15234,197
13436,196.89
15746,196.88
13978,196.79
16112,195.74
13757,195.55
17010,195.36
14666,195.25
15612,195.15
14405,195
13671,194.95
14100,194.9
17468,194.8
17065,194.7
17475,194.37
16299,193.65
16695,193.15
14801,193.14
13568,192.85
17257,192.73
12522,192.72
14768,192.6
15729,192.55
18028,192.05
15909,191.94
14279,191.86
17904,191.67
15692,191.04
15954,190.75
14728,190.58
15688,190.57
15412,190.53
18020,190.48
14617,190.47
13766,190.35
13972,190.25
17885,190.19
18046,189.63
13826,189.5
13387,189.44
18045,189.4
16673,188.83
16277,188.69
14697,188.61
17283,188.46
16051,188.44
13063,188.4
12893,188.14
17781,188.02
14131,187.87
17279,187.83
15072,187.52
13852,187.35
18013,187.29
16267,186.66
18063,186.6
17215,186.15
16388,186.05
15567,186.01
12641,185.9
14812,185.8
17840,185.72
17574,185.65
16559,185.2
14879,185.06
16097,185.05
14677,184.91
17803,184.66
14059,183.6
17820,183.56
13460,183.44
14119,183.37
14983,183.2
17798,183.09
16819,182.59
14941,182.1
17587,181.66
12934,181.65
16822,181.39
15359,181.35
16594,181.09
15292,180.94
14858,180.75
12622,180.1
18234,179.6
14945,179.4
16640,179.4
18147,179.34
15895,179.17
14705,179
15209,178.98
15139,178.96
16691,178.83
17170,178.68
17879,178.52
12686,178.28
17253,178.26
18282,178.05
12858,177.92
16403,177.5
13618,177.34
12618,177.31
13072,177.15
17036,176.9
16285,176.9
13746,176.69
17947,176.68
14287,176.63
12509,176.5
18054,176.5
18175,176.1
18274,175.92
13547,175.53
18166,175.5
14486,175.5
13007,175.25
17331,175.2
16144,175.2
17108,174.95
18010,174.8
14495,174.8
14518,174.37
13560,174.37
16731,174.05
15335,173.97
15684,173.95
14674,173.66
15565,173.16
16741,173.06
16599,172.8
13195,172.38
13690,172.25
12442,172.06
15515,171.81
14536,171.8
17983,171.71
17575,171.7
16312,171.15
15403,170.88
14811,170.5
15256,170.4
17922,170.4
14860,170.32
14218,169.48
18004,169.47
16002,169.21
15647,169
12367,168.9
12768,168.69
14578,168.63
17367,168.4
18099,168.31
17737,168.24
12551,168
18088,167.67
17559,167.62
18037,167.42
17586,167.4
13609,167.35
16405,167.25
15166,167.16
18107,167.13
17875,167.1
15509,166.51
18014,166.42
13967,166.3
17650,166.08
14485,165.75
13903,165.45
15316,165
13470,165
16663,165
13191,164.69
15904,164.68
17535,164.4
13603,164.34
17318,164.28
17417,164.18
14516,163.92
16662,163.8
18200,163.8
14955,163.77
14354,163.62
15474,163.1
16517,162.7
18174,162.5
12954,162.45
15733,162.3
15534,162.25
16443,162.24
12661,162
17971,161.94
17600,161.67
14571,161.65
15499,161.6
16113,161.38
13714,161.35
14362,161.2
13779,161.13
13701,161
14089,161
13229,160.95
17953,160.82
17605,160.75
17202,160.65
17487,160.55
15229,160.5
14814,160.46
16645,160.39
18146,160.35
12966,160.18
13420,159.85
13302,159.2
16213,159
18224,158.95
13125,158.57
15548,158.09
15348,158.04
14318,158.02
17751,157.86
14207,157.8
14822,157.7
16687,157.63
12894,157.35
16371,157.2
17128,157.09
17118,157.02
15007,156.91
15742,156.87
13830,156.85
14406,156.75
16578,156.6
15438,156.58
15263,156.51
17899,155.8
13051,155.8
17832,155.37
14368,155
14046,154.99
17698,154.95
15740,154.88
15226,154.41
13490,154.25
17517,153.94
15560,153.52
15431,153.24
12602,153.12
16248,152.94
16507,152.76
18138,152.65
18113,152.64
14066,152.55
17327,152.35
13653,152.2
16617,151.85
18076,151.49
13697,151.3
16337,151.05
14073,151.04
12959,150.95
14980,150.68
15991,150.55
14084,150.5
15775,150.5
14845,150
17234,149.89
13257,149.75
17946,149.58
18038,149.41
17390,149.3
15435,149.29
13003,149.05
17549,148.86
15526,148.44
15283,148.33
17592,148.3
13457,148.22
17859,148.21
13578,147.66
15479,147.4
14098,147.35
16724,147.35
17794,147.3
17030,146.87
14683,146.56
15496,146.14
18137,145.99
12565,145.92
13866,145.67
15937,145.35
17199,145.12
14972,145.07
16598,145.05
15902,145.01
16852,144.91
17938,144.29
14109,144.2
15816,144.15
12587,144
17186,144
12387,143.94
14604,143.86
14574,143.7
17149,143.1
15705,143.1
15761,143.05
14386,142.4
14041,141.41
17273,141.12
12636,141
17959,140.75
14773,140.55
15388,140.54
15702,140.39
13483,140.34
15324,140.22
13839,139.95
15848,139.94
16840,139.85
16483,139.35
14772,139.26
14707,139.2
18209,139.1
13273,138.98
12902,138.68
13716,138.28
17982,138.18
15663,138.14
12512,138.03
16396,137.8
13279,137.75
15836,137.37
13907,136.8
16237,136.65
16289,136.31
16651,136.2
17972,136.04
16876,136.01
16462,136
14366,136
17583,135.95
12968,135.95
14889,135.9
15419,135.86
16114,135.75
14391,135.6
16665,135.4
13076,135.4
14588,135.39
13144,135.35
13702,135.18
17960,135.08
13364,134.96
13119,134.9
16055,134.8
14340,134.7
17826,134.59
14174,134.46
15926,134.44
16486,134.36
14280,134.04
16886,134
14349,133.5
15056,133.45
17881,133.35
12467,132.8
17909,132.55
12964,132.24
14444,132.04
14438,131.9
17565,131.83
17297,131.78
17455,131.7
13586,131.53
14795,131.45
15409,131.25
14378,131.25
17225,131.15
16865,130.95
15844,130.74
17240,130.6
16410,130.32
17818,130.18
16288,129.85
15317,129.75
17762,129.75
14865,129.72
17847,129.69
14999,129.48
12555,129.23
13071,129.22
17056,128.6
16828,128.5
17089,128.45
16251,128.31
15892,128.2
13666,127.9
16397,127.88
13053,127.65
15578,127.1
16973,127
14751,126.45
15463,126.14
16294,126.05
13794,126.03
17657,126
12814,125.92
13522,125.8
16925,125.65
15017,125.58
15731,125.3
13912,124.95
17148,124.88
14726,124.75
13312,124.75
16849,124.57
17541,124.46
17316,124.45
18000,124.25
12773,124.25
15779,124.08
13968,123.66
14187,123.5
15927,123.39
16068,122.93
13876,122.7
13638,122.64
14165,122.54
14076,122.47
12969,122.45
13084,122.4
16073,122.4
13244,121.74
13182,121.18
15049,121.17
17260,120.95
17446,120.9
14884,120.6
17543,120.05
18015,120.03
14259,120
14453,119.93
15161,119.92
17177,119.5
15843,118.95
17280,118.86
17079,118.8
14155,118.75
13193,117.88
12929,117.85
16291,117.72
17654,117.55
16959,117.35
17117,116.2
14874,116.18
13170,116.01
14143,115.8
14721,115.77
13241,115.58
17208,115.35
18027,115.31
18012,115.3
15352,114.95
17401,114.85
17933,114.69
15905,114.69
13188,114.6
16247,114.56
14632,114.56
17275,114.52
14974,114.39
14652,114.18
12938,114.14
14582,114.11
18148,114.1
14457,113.64
18105,113.48
16821,113.35
17784,112.86
14689,112.8
16697,112.75
18129,112.55
15899,112.5
15610,112.46
13620,112.34
17816,112.32
17893,112.25
17900,112.2
12756,112.08
14750,112.03
15875,111.72
16547,111.71
17957,111.68
14668,111.63
18124,111.53
17304,111.5
17887,111.35
18120,111.15
16064,111
14464,111
12692,110.95
14509,110.95
15537,110.92
15853,110.8
18256,110.7
14787,110.65
16963,110.55
14641,110.46
17836,110.21
16339,109.95
15851,109.73
14033,109.44
16363,109.36
16664,109.2
14345,108.98
16106,108.38
14374,108
14661,107.95
15583,107.86
13580,107.75
14943,107.62
15395,107.45
16301,107.33
15328,107.24
16047,107.14
15846,107.01
16630,106.8
16082,106.75
14637,106.68
15168,106.56
17791,106.1
16581,105.84
18103,105.8
15642,105.78
14579,105.56
15340,105.5
14027,104.82
17328,104.7
16375,104
16896,103.95
14542,103.25
15924,102.82
17467,102.6
14836,102.45
15486,102
13829,102
18068,101.7
16516,101.7
16944,101.36
18086,101.34
18195,101.16
13011,101.1
17741,101.1
16498,100.97
17493,100.91
14946,100.9
17224,100.86
17427,100.8
14371,100.5
15635,100.35
17570,100
17939,99.14
12774,98.7
17538,98.42
16694,98.3
17895,98
18033,97.97
12984,97.5
17395,97.5
14642,96.12
13793,96
17024,95.85
18249,95.34
12548,95.2
15285,94.92
14833,94.8
15868,94.53
15397,94
14394,93.8
15305,93.6
12992,93.35
15082,93.35
16196,93.3
14054,92.46
16831,91.8
13160,91.8
12659,91.68
13392,91.14
14786,90.96
13947,90.6
14435,90.42
16506,90.3
16597,90.04
15686,90
14117,90
16061,89.65
13535,89.5
14760,89.2
13222,88.5
15603,88.48
15083,88.2
16564,87.8
17606,87.3
17763,86.15
13180,86.1
15541,85.13
13841,85
12401,84.3
15094,83
14347,82.6
13469,82.4
16028,82.2
13215,81.6
13006,81.57
17620,81.44
17008,81.36
14717,81.3
15170,81.15
17336,81.12
16789,80.8
17752,80.64
15833,80.4
15131,80.28
14190,79.9
16165,79.9
14589,79.5
14007,79.48
15753,79.2
17192,77.83
12570,77.52
17942,77.5
14785,77.4
13132,77.3
16867,76.74
14373,76.55
14613,76.32
14090,76.32
15668,76.32
13219,76.23
17628,75.75
16610,75.66
14559,75.6
17944,75.41
16420,75
13095,74.4
18032,73.5
12506,73.5
16171,73.2
17906,72.9
13105,72
16459,71.79
13938,71.66
13185,71.4
17747,71.4
16970,71.4
14576,70.8
13915,70.8
15564,70.74
12568,70
13172,69.6
14906,68.44
12861,68.25
17249,68.03
14393,67.95
17532,65.34
13022,65.3
17216,65.05
13130,64
16238,63.66
17263,63.44
15470,63.42
12404,63.24
16058,62.7
13218,62.64
14650,62.5
15516,62.43
13380,62.4
13303,61.72
13818,61.28
15375,60.96
16605,60.48
15250,60
17174,59.9
13391,59.8
13682,59.5
15371,59.4
15233,59.4
14384,58.5
12466,56.73
17775,56.4
13366,56.16
15685,55.98
12776,55.5
12860,55.47
17494,54.7
12496,54.09
13306,53.65
16349,53.5
17599,52.05
15313,52
16786,51.84
17844,51.56
13254,51.41
14351,51
14743,50.48
18184,49.8
14380,48.96
16530,48.35
16257,46.95
13438,46.5
15698,46.2
15672,45.3
17916,43.87
14300,43.2
13913,42.22
13906,42
16219,40.8
14266,40.56
15178,40.5
14086,39.95
16659,39.12
17246,38.92
18019,38.45
15455,38.25
15693,37.5
16162,37.4
17352,36.25
14993,36.13
15940,35.8
16417,35.7
17831,35.4
15744,34.8
17533,34.8
15871,33.1
16941,33
14977,31.93
17129,31.85
16454,30.95
14144,30.6
13120,30.6
16548,30.15
15575,30.1
15657,30
17319,29.1
17102,25.5
15284,24.75
14610,24.35
16537,23.35
12606,21
16953,20.8
17986,20.8
13112,20.6
15999,20.4
13163,17.65
16093,17
12846,15.58
14580,14.85
14900,13.92
16878,13.3
17956,12.75
17378,10.95
18115,9.7
15040,7.49
15913,6.3
14792,6.2
16738,3.75
13788,3.75
14095,2.95
