CUSTOMER_ID,TOTAL_QUANTITY_PURCHASED
14646,367193
13902,220600
13694,189205
18102,188340
14156,165992
14911,149987
17511,119656
16684,104810
14298,100272
12415,91447
14277,89814
13687,87167
17940,85580
17450,84720
16446,80997
15061,80711
12346,74285
15311,71010
16754,67831
16422,66369
15838,64664
12931,62906
17949,60658
13089,60229
16029,56486
17404,50679
15769,49104
13798,48347
17381,45767
13027,43080
13081,41423
18251,39639
12748,39108
17841,37558
16333,32184
13881,29760
13408,29497
14680,27364
12482,27042
13777,26742
13093,26227
16013,25952
12901,23075
17850,22785
12678,22372
16705,22301
17857,22060
17677,21936
12921,21708
13316,21372
15856,20432
16779,19626
16843,18502
15039,18183
15749,18028
17389,17882
18052,17766
12681,17596
17428,17504
14258,17488
12433,17116
12471,16882
16553,16475
17675,16416
14096,16352
16308,16000
13098,15968
15523,15873
14606,15635
14607,15585
16656,15433
13069,15404
15358,15378
14088,15276
13767,15235
16525,14630
12971,14587
14031,14507
16210,14263
13802,14129
12709,13983
12621,13933
17306,13747
16133,13653
13001,13539
15159,13512
12409,13143
14667,13010
17865,12985
14062,12799
14609,12720
17920,12666
15498,12622
15640,12390
13078,12183
15251,12108
15615,12090
14849,12026
13199,12019
16746,11906
15093,11657
12731,11641
17448,11548
16839,11527
12753,11421
12472,11350
14769,11255
17340,11210
15601,11061
16701,11046
12540,11019
12682,11018
17735,10901
15513,10831
14895,10714
17017,10591
14101,10542
12939,10328
13848,10200
14739,10172
17133,10107
14194,10037
17581,9972
17139,9859
12830,9848
16180,9813
14828,9718
13340,9636
16191,9360
12451,9359
14135,9355
15738,9285
13319,9270
13564,9251
14866,9233
15382,9178
15194,9169
15555,9037
15078,8990
12583,8984
15005,8856
18092,8830
17716,8819
18079,8815
14286,8795
14676,8792
17589,8788
13178,8778
12714,8774
17416,8769
13004,8768
16713,8683
14049,8609
16873,8601
16722,8580
16327,8540
13082,8466
12798,8455
13324,8448
15125,8433
17160,8390
14961,8372
15032,8259
12949,8233
14299,8228
17243,8198
14060,8119
16558,8088
17365,8056
17706,8049
12437,8000
12474,7954
12867,7939
13488,7891
18226,7883
18041,7859
18008,7830
18087,7775
13629,7722
12454,7703
12683,7683
14796,7653
17596,7619
13418,7606
17377,7589
17107,7544
17364,7513
16652,7477
18172,7413
13225,7401
16467,7384
15547,7362
18225,7304
16549,7278
12481,7253
15808,7229
13050,7206
16258,7200
12705,7188
12524,7178
14028,7170
13206,7155
16767,7121
14426,7023
15544,7019
12744,6994
14952,6977
16019,6976
14800,6967
12989,6935
15189,6902
16700,6882
12647,6878
12839,6849
13266,6837
16186,6825
13969,6817
12557,6782
14527,6762
13458,6760
13018,6746
16745,6735
18223,6644
14159,6593
12357,6587
13102,6576
15290,6567
14085,6564
13269,6564
15218,6553
15482,6532
13599,6494
14733,6491
14057,6485
12754,6481
13013,6463
15372,6410
14401,6401
16161,6380
12720,6317
14415,6304
15298,6286
14936,6274
16923,6269
15939,6260
17414,6256
15805,6225
15150,6183
12758,6155
14291,6146
16126,6142
13668,6133
12477,6119
12567,6086
15984,6084
14422,6067
16253,6061
16170,6056
14533,6038
16401,6035
15786,5981
14051,5947
13952,5946
15727,5942
17602,5936
14329,5921
12490,5906
17696,5891
16945,5889
16182,5887
17338,5879
15502,5861
14110,5825
13468,5824
14134,5814
16729,5783
13209,5781
14146,5780
13162,5755
16550,5727
17044,5722
14016,5722
12497,5685
12476,5645
17593,5607
14688,5580
18139,5557
17504,5517
16592,5504
17858,5483
14282,5478
15296,5464
15299,5453
12766,5446
13756,5441
17512,5434
13941,5426
15179,5416
12841,5414
13097,5396
13263,5390
14505,5383
13815,5381
15998,5372
15719,5368
17611,5356
13394,5354
16984,5330
17811,5327
17730,5300
15044,5279
13590,5276
16145,5270
13451,5268
13680,5252
15144,5251
18260,5247
14525,5235
15281,5233
13953,5224
12875,5187
17426,5187
13141,5169
17757,5163
17308,5148
15867,5139
13381,5125
17315,5124
16000,5110
18145,5107
15874,5102
16168,5099
18245,5098
16938,5084
12668,5076
13758,5068
16814,5066
13685,5056
15023,5052
16187,5048
14040,5044
13999,5043
15291,5017
15249,4980
16523,4979
12435,4958
17863,4952
13985,4936
13715,4934
18109,4885
13426,4868
14944,4864
15980,4862
13555,4827
15981,4827
15034,4788
12643,4785
16131,4768
13654,4762
13157,4762
17576,4740
15260,4722
12431,4717
15046,4701
12957,4686
14160,4661
14776,4658
14189,4646
12726,4618
13139,4614
13576,4614
17203,4606
15750,4592
14045,4587
14560,4580
17861,4574
13148,4571
13113,4545
13174,4541
12539,4535
16670,4534
17965,4525
15521,4516
14735,4513
16940,4503
14316,4494
15529,4488
13911,4487
15785,4479
13327,4479
15222,4458
17754,4441
14367,4438
16607,4436
17068,4435
13135,4423
15641,4422
13448,4404
14755,4401
16710,4399
14852,4371
14844,4369
16546,4367
14388,4360
13869,4358
16556,4353
14030,4350
13450,4318
13107,4316
17873,4312
13137,4294
16570,4292
15301,4290
16033,4288
16782,4285
12637,4284
12590,4283
16735,4281
15570,4279
17049,4276
14056,4273
13373,4263
15768,4259
15514,4246
15955,4213
15203,4182
14841,4164
18094,4164
12613,4163
13735,4158
13983,4157
17838,4149
13384,4142
14709,4141
13709,4130
13267,4104
15622,4091
17409,4089
16954,4086
17651,4086
15484,4076
18198,4074
14395,4072
14766,4063
14227,4048
15755,4034
13183,4027
16655,4013
15270,4010
15129,4002
14064,3977
17750,3957
14913,3955
16242,3955
17966,3943
15389,3940
13975,3934
13115,3934
15903,3926
14032,3916
17230,3903
13534,3869
15861,3860
16303,3859
17685,3854
18178,3850
14063,3850
17091,3845
18055,3839
17744,3826
15628,3819
14221,3808
17092,3801
17930,3795
17001,3782
12755,3781
16743,3738
17231,3738
12395,3733
16456,3725
14191,3724
17238,3720
14081,3712
13854,3710
17799,3707
16409,3706
16571,3703
16153,3693
16279,3691
14243,3687
14099,3670
17307,3667
12955,3664
17314,3663
13268,3658
17346,3653
15321,3653
15674,3648
12779,3641
13230,3635
12910,3632
17491,3630
18061,3607
14092,3606
17085,3603
17059,3584
13883,3584
17686,3583
12662,3581
17625,3551
14112,3539
17422,3538
12428,3536
13015,3535
17509,3534
14105,3534
15114,3532
16353,3531
17612,3521
12619,3518
16686,3510
14855,3510
17669,3505
13871,3502
14107,3489
13931,3488
13329,3486
16841,3478
16011,3471
17700,3469
17644,3469
15157,3466
16931,3463
14713,3456
12626,3453
15812,3450
13870,3449
13198,3449
13090,3445
14113,3439
13783,3437
18093,3429
13047,3429
14292,3429
14004,3425
18118,3417
12356,3417
12406,3416
17519,3414
13126,3409
16458,3406
13988,3385
15950,3384
12500,3377
15228,3375
14307,3374
14132,3368
15673,3361
12380,3355
17809,3353
12429,3344
13901,3344
17673,3338
17069,3333
14257,3332
15241,3328
14648,3326
16320,3319
12615,3317
14091,3316
12378,3316
12625,3309
12455,3302
17084,3292
13520,3289
15369,3288
12347,3286
18075,3281
16709,3276
14321,3275
16008,3273
12484,3271
17954,3265
16156,3240
14535,3240
12633,3238
16218,3237
17758,3236
18077,3233
12913,3232
18069,3227
13334,3227
16717,3226
13763,3224
14154,3222
16265,3214
15240,3214
12759,3202
12935,3201
13571,3197
14493,3183
18229,3183
17769,3176
17567,3152
13317,3148
15581,3146
13771,3140
14626,3135
17442,3134
13461,3132
16393,3132
17690,3126
13892,3125
13136,3109
18073,3108
16985,3103
16455,3103
15494,3097
15117,3093
16200,3089
17884,3088
17419,3087
13971,3084
15306,3074
15680,3074
14702,3073
13875,3072
16053,3067
13722,3059
16316,3057
15051,3053
16255,3050
16497,3050
12876,3047
13510,3044
12843,3031
14837,3030
12688,3028
14461,3027
16341,3022
15245,3021
15625,3020
15563,3019
13253,3015
14235,3014
14530,3014
18287,3013
17829,3009
14175,3009
12908,3000
15379,3000
14854,2999
15152,2994
14334,2986
15752,2967
12700,2967
13214,2966
13213,2962
15332,2958
12480,2952
15764,2945
15367,2944
17722,2937
15497,2937
14572,2933
15819,2928
16377,2928
18231,2923
15858,2919
16395,2919
14390,2910
13615,2910
14456,2908
12598,2906
12928,2899
17508,2891
14482,2891
12417,2890
16283,2889
18272,2880
13842,2879
14414,2877
12656,2860
14534,2856
16118,2851
14825,2848
13946,2847
17470,2843
16672,2832
12727,2832
13784,2827
15456,2826
15518,2823
14341,2819
14907,2817
13246,2815
13700,2809
16904,2809
12536,2803
15665,2794
17348,2793
13435,2791
17802,2786
13077,2785
13124,2783
15027,2782
17738,2776
15465,2769
12594,2768
13527,2762
17672,2758
12747,2758
17311,2755
16928,2755
12627,2752
12359,2752
14748,2752
15985,2750
18097,2740
13982,2736
15443,2735
12348,2714
12530,2713
18064,2709
13048,2705
13414,2702
17220,2699
14543,2697
14546,2696
17457,2695
13297,2694
15413,2694
16626,2690
12976,2684
13495,2674
14547,2668
15694,2658
12721,2655
13552,2654
17204,2651
14466,2644
17019,2643
16007,2643
14790,2642
16103,2639
16477,2632
15050,2628
13762,2608
13588,2606
12370,2605
14210,2604
14562,2604
17412,2604
16394,2604
16742,2600
12422,2596
16563,2596
15485,2594
17145,2591
13880,2589
14309,2583
14211,2575
13769,2574
17188,2569
17228,2568
17388,2567
15804,2565
13831,2557
13044,2553
12469,2552
14918,2551
14904,2549
14744,2547
14465,2546
13021,2546
16532,2544
17585,2539
16986,2539
13659,2539
17191,2536
16719,2536
17449,2535
17354,2535
17082,2526
13851,2525
15123,2524
15271,2524
12708,2521
15002,2518
17652,2509
16983,2508
15571,2506
14956,2500
15789,2499
14514,2496
17613,2496
16950,2492
17682,2491
13505,2486
14249,2486
13362,2481
14005,2478
13949,2474
13026,2466
17719,2466
16325,2464
14649,2464
17584,2464
14817,2462
12360,2459
13285,2457
17050,2451
15983,2450
15366,2447
16128,2445
14408,2444
15978,2444
12473,2439
14544,2438
17768,2433
14878,2432
16919,2425
13421,2420
16600,2420
15416,2420
16609,2420
17396,2419
15898,2418
14916,2415
16732,2414
13203,2413
14639,2410
13446,2403
12757,2402
14409,2401
14566,2400
16271,2399
13031,2399
13557,2398
16678,2397
15841,2391
15505,2390
15113,2386
13491,2385
13425,2382
12578,2380
16241,2377
15394,2372
18257,2369
13305,2361
12749,2360
13995,2359
12835,2357
13523,2354
17282,2351
15602,2349
12712,2349
17211,2345
17368,2343
16718,2343
14655,2341
17692,2338
17739,2335
12562,2327
12891,2325
12553,2325
15932,2325
14963,2317
16771,2314
13819,2309
13313,2308
17469,2304
14459,2302
17997,2298
17663,2297
13979,2296
17553,2288
14215,2285
15722,2283
12449,2282
12523,2275
14732,2273
17975,2271
18065,2265
13958,2264
12752,2262
12877,2262
15974,2262
12840,2258
15676,2252
13935,2252
15971,2251
14898,2247
14439,2244
16081,2244
18144,2239
12597,2236
12836,2236
17293,2234
15095,2233
12362,2230
14868,2230
12408,2229
15255,2226
17190,2225
15527,2222
17597,2215
17205,2214
16416,2210
16003,2210
13707,2210
13989,2207
16120,2205
12468,2201
15024,2201
17218,2200
17400,2199
14930,2199
12399,2198
17994,2194
17146,2192
17667,2192
13593,2190
12599,2189
16636,2186
14006,2181
17213,2179
18168,2177
12483,2172
15910,2171
13658,2171
17353,2168
15934,2166
16351,2165
16818,2164
16150,2164
15067,2163
17725,2162
16400,2159
14625,2155
15142,2155
17702,2153
14696,2151
16098,2150
15572,2148
14808,2147
17728,2146
16360,2144
13717,2144
14195,2144
15392,2144
13357,2142
14869,2138
17528,2138
13536,2136
13993,2135
15365,2131
13037,2130
15845,2128
16748,2127
14044,2126
12645,2125
16105,2125
17406,2124
14498,2122
17444,2119
15632,2109
16440,2108
16045,2108
12377,2105
13692,2101
17287,2101
14934,2100
13764,2099
16027,2099
16875,2099
13634,2096
17552,2095
13477,2095
16712,2093
17157,2092
16948,2091
13094,2088
12806,2087
14121,2082
14740,2081
14857,2080
16749,2078
16551,2076
17284,2071
14432,2070
16918,2069
13644,2067
13117,2067
14306,2065
16358,2065
17977,2062
13963,2061
16992,2061
13895,2060
16905,2059
15633,2058
13481,2055
14669,2054
15993,2051
12510,2049
14212,2046
15122,2045
14673,2035
16062,2035
15402,2034
12424,2025
17138,2024
16293,2022
18242,2021
16094,2020
12782,2017
15356,2015
17345,2013
14685,2012
16143,2011
15140,2010
13196,2006
14503,2004
14014,2004
13611,2002
12388,2001
16755,1999
12412,1997
18230,1996
12826,1995
16493,1988
12684,1985
12937,1983
16966,1981
18258,1981
17015,1981
13014,1979
14745,1977
14653,1976
13330,1975
12865,1973
12802,1972
12623,1971
15791,1970
14364,1967
17530,1965
12820,1964
13868,1964
12649,1959
16444,1959
17876,1958
17083,1955
17386,1955
14824,1954
12516,1952
12635,1949
12909,1948
16125,1944
14232,1941
14565,1940
17931,1937
17071,1935
17676,1932
14935,1931
13862,1927
15421,1927
15811,1922
17135,1922
16584,1919
14515,1917
14025,1914
13309,1914
13526,1911
12980,1910
14634,1906
14312,1904
17629,1903
15410,1902
13805,1900
16859,1899
17063,1899
16209,1895
15660,1893
14397,1890
13211,1890
18188,1888
15187,1887
13635,1884
13849,1883
12849,1882
14460,1879
14346,1878
17870,1877
17372,1876
12592,1875
14593,1875
16791,1874
14001,1873
15062,1872
12676,1867
16531,1863
17086,1859
15815,1856
12872,1855
15953,1852
15480,1852
17819,1849
16232,1849
12838,1845
15782,1844
14152,1844
16101,1844
12770,1843
14000,1838
13804,1833
17180,1828
15827,1824
15826,1824
13055,1821
15716,1821
17618,1820
15834,1819
14912,1819
16555,1816
17659,1816
18179,1811
12963,1809
17695,1809
16466,1806
13647,1803
12569,1801
12432,1801
13485,1798
17978,1797
12423,1793
13695,1791
12501,1783
14701,1782
17272,1778
14449,1778
13743,1776
15823,1775
17227,1774
12916,1774
18194,1774
13920,1772
15384,1767
16012,1766
16496,1764
16359,1764
12589,1764
17554,1763
15754,1762
14336,1759
14451,1757
15757,1757
17679,1755
14440,1755
17937,1754
12511,1753
13265,1752
16347,1750
12906,1749
15013,1747
15105,1747
13650,1746
17913,1745
14209,1739
13165,1736
15569,1736
15235,1735
15796,1735
12778,1735
18283,1733
14293,1730
18173,1730
12982,1729
14239,1729
15814,1728
12701,1727
14226,1726
15704,1723
18180,1721
15987,1715
14418,1711
14038,1708
17288,1706
14400,1706
14621,1706
15854,1704
15916,1703
14382,1701
15671,1699
15033,1695
17032,1695
17095,1695
17434,1693
16912,1693
15312,1693
13184,1692
17640,1692
16057,1691
13407,1690
14301,1686
15793,1685
12653,1681
15862,1680
15708,1675
14251,1674
14344,1669
12853,1668
17193,1668
12951,1662
13577,1661
18051,1661
15058,1660
13395,1660
15201,1660
14404,1656
14145,1655
15810,1653
18219,1653
13786,1652
13665,1652
14640,1651
16638,1651
14047,1649
15506,1647
15491,1646
14262,1645
15192,1644
16240,1641
14882,1640
14125,1640
13632,1639
16134,1637
17046,1636
12854,1635
14700,1634
12456,1633
15614,1632
13627,1632
13192,1629
12670,1627
15289,1627
17043,1624
12349,1624
18095,1623
14161,1623
16383,1620
13173,1620
13291,1619
14540,1619
14124,1618
15059,1617
16889,1616
15031,1615
15606,1615
15946,1614
17720,1613
16072,1611
15172,1611
17774,1609
12932,1609
13939,1608
12631,1607
13233,1604
13562,1603
16560,1603
16794,1602
16515,1601
16115,1601
14290,1600
13719,1599
18044,1598
14770,1598
13507,1597
15817,1596
17031,1595
16369,1594
15015,1593
17827,1592
16256,1590
13471,1590
17560,1588
15253,1588
16041,1584
14481,1584
15128,1583
18235,1578
13924,1575
17096,1571
17402,1571
13652,1570
16281,1570
13431,1570
15265,1570
13929,1566
16817,1565
13823,1564
16837,1563
13012,1563
14775,1558
16224,1555
12609,1553
17666,1552
13736,1552
15353,1551
14186,1550
16933,1547
17888,1544
17655,1542
16208,1541
13799,1539
17961,1537
17324,1537
14507,1536
14903,1536
16503,1535
12985,1533
12847,1533
12383,1532
15807,1532
13704,1531
17490,1531
16086,1526
17061,1526
16813,1525
16380,1524
12685,1523
13131,1523
14443,1520
13320,1519
13224,1518
15629,1518
16221,1515
16960,1515
16858,1514
16083,1514
16650,1511
14708,1509
16059,1509
12364,1506
14178,1505
15079,1504
17164,1501
15008,1500
18210,1499
14502,1498
13280,1495
12664,1495
16167,1494
14075,1494
12576,1494
17694,1493
16681,1492
15351,1491
17463,1490
15864,1486
16407,1484
18096,1483
17526,1482
16032,1480
13908,1478
14554,1478
17465,1477
15310,1476
17642,1475
16244,1474
15146,1473
16108,1473
16336,1473
18241,1471
15607,1470
18263,1468
17126,1468
16276,1467
17242,1459
12671,1459
16795,1459
13772,1456
16205,1455
13052,1454
17919,1452
16979,1451
15481,1450
13753,1450
16065,1447
14597,1447
15065,1446
13824,1442
16042,1442
17323,1442
17814,1440
13464,1440
15118,1440
12520,1439
17848,1438
12371,1436
16076,1435
16807,1433
15965,1433
16174,1431
14442,1431
15252,1430
14412,1428
16287,1426
12924,1423
14756,1423
15434,1423
16201,1421
13984,1421
16197,1420
12857,1420
16612,1419
17244,1419
16172,1419
14035,1419
17646,1418
12407,1416
14407,1415
14129,1414
12600,1414
15795,1411
16379,1410
15073,1410
17653,1409
14997,1408
14850,1408
14631,1407
14276,1406
15288,1404
15195,1404
12687,1403
17313,1402
15468,1400
17656,1399
15696,1399
16122,1398
15370,1397
17268,1395
16147,1395
12978,1394
15057,1394
12398,1394
15220,1393
15681,1392
13890,1392
17320,1392
13630,1391
18022,1390
18259,1390
13429,1390
17790,1389
17822,1389
14389,1388
13585,1386
16206,1384
16085,1384
15325,1383
12950,1380
15850,1379
12724,1379
12960,1379
17588,1379
16595,1378
14643,1377
14410,1377
15596,1376
16140,1376
17905,1373
12517,1371
15747,1370
13750,1370
16036,1369
13517,1369
14938,1369
17594,1368
12549,1366
13499,1365
13134,1364
16499,1364
16618,1363
17090,1362
12374,1362
15732,1361
12742,1359
15089,1359
13278,1358
16470,1357
16726,1356
12694,1355
18220,1352
15326,1351
18133,1350
12947,1349
15532,1349
17159,1348
16554,1346
13208,1345
16340,1345
14315,1344
15799,1342
14205,1342
15860,1342
14421,1342
15530,1340
14725,1340
13091,1339
15586,1338
16434,1338
17041,1337
13397,1336
15561,1334
14875,1332
13422,1326
16169,1325
17609,1325
16634,1321
16951,1318
12518,1318
16539,1315
15330,1312
12393,1311
15687,1310
16005,1310
14723,1308
14885,1308
17147,1308
16214,1308
16202,1307
12725,1306
14472,1305
12948,1304
17705,1301
14591,1297
16825,1297
14327,1296
17183,1296
14564,1295
16229,1292
13813,1292
17429,1286
16225,1285
13437,1283
12868,1282
17004,1281
15797,1281
13032,1281
18116,1281
13149,1280
12585,1279
16067,1279
15712,1277
14988,1276
18142,1276
12967,1272
13728,1269
17337,1269
16275,1268
15736,1268
17924,1268
13566,1266
17787,1266
16520,1266
17029,1265
17002,1265
15489,1264
13755,1264
12397,1263
15608,1262
16129,1261
14233,1261
14441,1260
16628,1260
15493,1260
17289,1260
16764,1259
14217,1256
12507,1256
15214,1254
13501,1253
16871,1253
13795,1250
14499,1250
15620,1249
13744,1249
14810,1247
13365,1247
13249,1246
18276,1246
13410,1244
17974,1243
16426,1243
16389,1242
17505,1242
12369,1241
18177,1239
14130,1239
16317,1236
18122,1234
16989,1233
16190,1231
16657,1229
12607,1228
14595,1228
12762,1227
14478,1226
13655,1225
15030,1225
15426,1220
12391,1220
15329,1219
15021,1217
15227,1217
17350,1215
17172,1215
13814,1214
13509,1214
16711,1212
14704,1209
18016,1209
15967,1204
17451,1203
14431,1202
15653,1200
18204,1200
13791,1200
14250,1200
12577,1197
15141,1197
14467,1196
14659,1195
13478,1189
16092,1188
12997,1186
16040,1185
17047,1184
18170,1184
15182,1184
12620,1181
15106,1181
12438,1180
13662,1179
16348,1178
17671,1177
14524,1176
16107,1176
17101,1175
13506,1174
16715,1174
15476,1174
17591,1173
14256,1171
15679,1170
17341,1169
16823,1168
14225,1168
14842,1166
16049,1165
12986,1164
15111,1164
16463,1163
14897,1162
14188,1162
16160,1162
18035,1161
17259,1158
14583,1155
16485,1154
12444,1153
15873,1152
17369,1152
14710,1151
14360,1151
17732,1151
13338,1151
13239,1151
14136,1148
12425,1147
14628,1147
14829,1147
15865,1147
17158,1147
17290,1147
17317,1146
13363,1146
13745,1146
16620,1146
14665,1144
15550,1144
15339,1143
18215,1143
12813,1141
14553,1140
13918,1140
15626,1138
16633,1138
13561,1136
16365,1135
15638,1134
12674,1133
13919,1133
14730,1132
16332,1132
14541,1129
13712,1128
17805,1126
13375,1124
12998,1124
13742,1124
16307,1123
16805,1122
17173,1122
17864,1121
16770,1120
14741,1120
14420,1120
16326,1120
14477,1120
12531,1119
13503,1118
14896,1117
16367,1117
16812,1116
14446,1116
14532,1115
12669,1115
13516,1114
17621,1110
12560,1110
16727,1109
13748,1108
17941,1108
13402,1107
15531,1105
15831,1105
13856,1105
12917,1104
14887,1100
13641,1098
15599,1098
14966,1098
14272,1097
13583,1096
12457,1094
16809,1093
16109,1092
15452,1091
17797,1090
15990,1090
14305,1089
12418,1088
15623,1087
17499,1086
12775,1083
16883,1080
13761,1079
16872,1079
12856,1079
12358,1079
15976,1078
14506,1078
16350,1077
14861,1076
16004,1076
18218,1076
16510,1076
17201,1075
13308,1073
14462,1072
16646,1072
14737,1071
15237,1071
17048,1068
15678,1067
15248,1065
15074,1063
15730,1061
17481,1061
16491,1060
14623,1059
13159,1059
16016,1059
15197,1058
17664,1058
15134,1057
16625,1057
16619,1055
13726,1054
14901,1053
18025,1053
18239,1052
15646,1051
16736,1050
12610,1049
14139,1049
14177,1048
16104,1048
18196,1047
14893,1047
17907,1046
12657,1044
17897,1043
13108,1043
15425,1042
16682,1040
16461,1039
14684,1039
16980,1039
13201,1039
17878,1038
14019,1037
17522,1034
14715,1034
14164,1033
12644,1032
14719,1032
15380,1032
15043,1031
16751,1031
15803,1030
14295,1029
14953,1028
17025,1024
13623,1023
14396,1022
16177,1021
14548,1021
17674,1021
16775,1020
17571,1020
17894,1020
13371,1019
17969,1017
15977,1016
16335,1016
17432,1016
15538,1016
16521,1016
17987,1015
14561,1014
16245,1014
12970,1014
15427,1013
13475,1012
14489,1011
16043,1011
14754,1011
15287,1010
12765,1009
13705,1009
14905,1009
15341,1008
13752,1007
13167,1007
12704,1006
17305,1006
17921,1002
16723,1002
16574,1002
17162,1001
16290,1001
13942,1000
13473,1000
18221,1000
13991,998
13787,998
13639,997
16854,997
13294,996
16567,996
14867,996
15829,996
14071,995
14147,995
16730,994
17042,994
16927,993
17021,992
13158,992
18034,992
18171,991
13740,991
14496,991
16660,991
17713,989
15889,989
18214,989
17550,989
12494,988
16569,988
17155,987
15630,987
18151,986
13459,986
12458,986
15053,986
13455,985
16788,985
12582,985
17131,983
15594,983
14970,982
17460,980
13337,980
14469,980
17132,980
13889,979
14711,978
18057,978
13152,977
14245,976
13154,976
17759,976
17984,973
13601,972
17235,971
13344,971
15322,971
14399,968
14522,968
14083,966
18161,965
13538,963
14584,963
14234,963
16464,963
14102,961
15133,960
13648,960
16099,960
12933,959
15580,959
13878,959
17624,958
17648,954
14285,954
14921,953
13882,953
16176,952
13439,952
12739,951
14009,951
14163,950
16249,950
15822,950
14682,949
15574,949
13085,944
15466,944
15483,944
13850,944
15267,944
16474,943
13360,942
16102,942
15549,940
13994,940
16934,939
13900,938
17851,938
18252,937
16066,936
14662,935
17299,934
14229,934
14490,933
16175,932
15164,931
16010,931
12823,930
14206,930
12818,929
12605,929
16929,929
14608,927
14839,927
16676,927
16637,927
13035,926
18193,926
17356,925
13678,924
15701,923
17062,922
16996,919
18149,918
17113,915
15798,915
13156,914
14447,913
13168,912
16716,912
17723,912
12975,911
16880,911
13155,909
13610,909
16797,909
16015,909
12870,906
14692,905
14590,904
15478,904
13888,903
18060,902
16110,902
17610,902
13643,902
17633,899
15947,898
17951,898
16790,898
16121,897
12646,897
17703,897
12733,896
12863,895
15199,894
15390,894
13663,893
14332,893
18001,893
14917,891
13800,891
14859,888
14909,888
16669,888
14126,887
12842,887
14920,886
15876,886
14651,886
16910,886
17115,885
15933,885
14657,885
14831,885
12784,882
16366,882
16588,882
13427,880
13693,880
16460,879
16833,878
14180,878
16692,878
14021,878
14002,877
16671,875
16611,874
15424,873
12803,872
17523,872
14834,872
15167,872
15651,871
17033,871
17088,868
15076,866
17175,866
14297,865
17241,865
13874,864
13059,864
13434,864
16079,864
13382,863
14224,863
13649,863
17222,863
13656,862
15315,862
16384,861
17020,860
17534,860
18136,860
15944,859
13240,859
12405,857
17028,856
18244,856
17908,856
17226,855
13276,855
13405,854
17298,854
15948,852
12710,851
14555,850
14687,850
13591,850
15639,849
16714,849
17950,847
12611,846
15453,845
12972,844
15420,844
13189,842
17856,842
15210,841
16295,841
15173,840
17349,840
17634,840
16077,840
12514,840
16698,840
14758,840
16188,838
17801,838
13500,838
14487,837
18189,836
18071,835
14573,835
15068,835
13104,834
13118,834
16900,833
13151,832
15590,832
14142,831
13803,831
18062,831
13042,830
17590,828
13614,828
14127,828
13074,826
16644,826
16329,826
18130,824
16955,823
14510,821
12911,820
13624,820
13897,820
13186,820
12502,820
13515,819
12394,819
14387,819
13711,819
16899,818
17860,817
17321,817
17562,817
14383,817
16969,816
13310,816
12379,815
13542,815
15882,814
14128,814
14244,814
15551,814
15449,812
14236,812
14140,811
16942,811
16119,811
15911,811
15064,810
13443,809
12381,808
17421,807
13725,806
14201,806
15081,806
15261,806
17521,806
16744,805
16898,805
14246,804
17236,804
16688,804
18125,804
17054,804
15279,802
15381,802
17623,801
17100,800
16374,800
14488,799
17461,799
13028,798
16124,797
13884,797
15028,796
15151,795
13838,794
17332,794
12372,794
14679,794
16991,793
16917,793
17011,792
16266,791
16054,791
16949,791
14883,790
17423,790
17529,790
17813,790
15190,790
16282,790
17932,789
17109,789
17165,788
14891,788
17078,788
16235,788
15919,787
16511,787
17005,787
17075,787
12873,786
16774,785
14511,784
16725,784
14794,783
17980,782
13857,782
13808,782
17683,781
14158,781
15573,780
16848,780
15661,779
13232,778
17990,777
16768,777
15215,776
12463,776
15473,776
14550,776
15136,776
16642,775
14304,775
14013,775
16631,775
16138,774
16891,774
16668,773
13966,772
14862,772
12475,771
12711,770
12886,770
17635,770
14644,770
15398,769
15373,769
16163,768
16037,766
12926,766
13456,765
16916,764
15444,764
13579,764
13110,763
14587,761
18084,761
16834,760
17073,759
15912,759
16398,758
14738,757
13109,757
15145,756
16331,756
12528,756
18135,753
14716,752
14214,751
14492,751
16529,751
13430,751
16639,751
15906,751
12993,751
15314,750
13790,748
13377,748
16391,748
16372,748
18036,748
17555,747
15611,747
15996,747
16903,747
17539,747
16863,745
14815,744
14484,744
14512,742
16306,742
17734,741
18217,740
14978,740
17373,738
14403,737
17800,736
13521,736
17545,733
16653,733
13295,733
17209,731
17456,730
17764,729
16488,728
17212,727
14087,727
17454,727
17806,727
17405,726
16527,726
14675,726
17886,725
12352,724
14820,724
17649,723
15579,723
16386,723
12629,722
13689,722
16419,721
14055,720
14455,719
14788,719
13138,718
17007,717
14902,716
15186,716
13479,716
13304,716
14265,715
17221,715
14856,714
17871,713
14379,713
13476,713
14320,713
14216,712
15605,712
15855,712
15254,711
18268,711
15422,710
13539,710
14355,709
17262,709
12716,708
16756,707
14691,707
14116,707
17731,707
14915,707
16344,706
13846,705
14618,704
12533,704
16654,703
15901,702
15331,701
13388,701
17537,700
13959,700
17034,700
15613,700
12673,700
15809,700
16096,700
16830,699
16071,697
13462,697
17137,697
17397,697
17760,696
18236,696
12632,694
16376,694
17105,693
16842,693
15238,692
16239,692
14248,692
16702,692
15658,691
17665,690
15180,690
16772,689
16233,689
17039,689
14050,689
15181,688
16693,688
16270,688
16292,688
12543,688
17746,688
17834,687
15272,687
12586,687
13370,686
16204,686
15232,686
16535,685
13333,685
15471,683
16284,683
17955,681
14022,681
16450,681
15525,680
12541,680
13328,680
15132,679
16987,679
14695,678
12591,677
16728,677
15101,676
17627,676
17123,676
16494,675
17496,675
15677,675
15839,675
16136,674
15026,673
14948,673
13916,673
12919,673
17867,672
15347,672
12781,671
14987,671
17169,671
12912,670
13064,670
14480,670
16471,670
13486,669
17828,667
15886,667
15185,666
14969,665
16087,664
13587,664
13092,664
17379,663
12638,663
14872,662
13393,662
15400,662
13936,661
15900,661
14108,660
13466,660
17097,660
13573,660
15652,659
14375,659
16300,658
15600,657
17037,656
15022,656
12885,655
14240,655
16947,655
17742,653
13296,653
14193,653
18009,653
17027,653
12952,653
14967,652
17464,652
12421,652
16223,651
15637,651
12534,651
17962,651
14114,650
13782,649
12925,649
14020,648
13140,648
15116,648
16370,647
14672,646
13567,645
14624,645
14568,645
16296,645
17727,645
14011,644
14971,644
15847,643
15879,643
15009,642
18080,642
16501,642
15318,642
16152,642
14714,642
15710,641
17603,640
16017,640
16699,640
12983,638
15104,637
14890,636
17360,636
16314,636
16159,635
12546,633
16264,632
12526,632
12639,631
14343,631
17322,631
14851,631
15259,631
14585,630
15004,630
18279,630
18123,629
13723,629
16902,629
12689,628
17934,628
17853,627
18154,626
17179,625
16860,625
12783,624
15675,624
13760,623
14198,623
12874,623
14771,622
14338,622
18237,622
15885,622
18082,621
13049,620
16345,620
14479,620
15274,619
15376,619
16762,618
18117,618
14078,618
17658,616
16861,616
17410,616
17604,616
14698,615
12389,614
15436,613
12862,613
16906,613
16608,613
13996,613
17812,612
12427,612
12385,612
17815,612
16533,612
15399,611
13822,611
14231,610
14138,610
17854,610
16759,609
16435,609
16392,609
17714,608
17411,608
18286,608
14222,607
16203,607
15792,606
13368,606
17582,606
15887,605
15707,605
13354,604
17189,604
15813,603
14894,603
15806,602
16139,602
17111,601
13379,601
14798,601
16881,600
12717,600
13396,600
14845,600
13531,600
15084,600
14933,600
15777,599
17198,599
16354,599
15737,599
13600,599
16149,598
13030,598
12767,598
16034,597
15156,597
15137,596
16428,595
12703,595
14619,594
17255,594
15239,594
14513,593
12805,593
13617,593
17480,593
12794,592
17058,592
13636,592
13860,591
12396,591
17631,591
14037,590
13546,589
17540,588
15800,588
15441,587
17996,587
14645,587
13937,587
14899,586
16975,586
12987,585
18085,585
13122,585
16869,585
14223,585
13023,585
15857,584
13447,584
13467,584
12402,584
13465,584
12426,584
16442,583
16747,583
15091,582
14065,582
14611,582
18202,581
13554,581
16418,580
13243,579
13497,579
16269,579
14994,577
17152,577
17715,576
16505,576
17176,576
17639,576
16737,576
14033,576
16173,575
13855,575
15415,575
17302,575
16112,574
14729,574
15522,573
13440,573
13797,573
17006,573
14577,573
15439,572
14326,572
15500,572
17926,572
13202,572
16212,571
14671,571
18039,570
15801,570
18143,570
17080,569
16048,569
14759,569
12550,569
12580,569
12386,568
13223,568
14417,567
12722,566
17334,566
13548,565
12696,564
16231,564
12503,561
16184,561
17998,561
16958,561
15562,561
16228,561
13489,560
13314,560
17869,560
15636,560
13336,559
12936,559
17472,558
15407,558
15644,557
14365,557
12772,556
14419,556
13293,555
13549,554
12679,554
16643,553
14264,553
13863,553
12866,553
17438,553
12642,552
18262,552
13696,552
18131,552
18074,551
12829,550
14283,550
12822,550
17362,549
16385,549
16254,549
12630,548
13000,548
12878,547
15406,547
15003,547
17707,546
14818,546
13898,544
14260,544
16146,544
12728,543
12355,543
14350,543
15243,543
16411,543
17387,542
14475,541
14157,540
17825,540
15787,540
16800,540
17370,540
18091,539
17608,539
16836,539
14275,538
17782,538
14427,538
13602,538
14352,538
17161,537
17459,537
12462,536
16589,536
12693,536
16766,536
12652,536
17038,535
17866,535
18066,535
15433,534
13572,534
16268,533
14847,533
13417,532
16907,532
12905,532
16572,532
12434,532
17163,531
18026,530
17023,530
15411,530
15664,530
12354,530
13292,530
14267,530
17578,529
13424,529
14208,529
12488,529
15587,528
15077,528
17515,528
13166,527
15363,527
17516,527
13016,527
16415,527
15559,526
17902,526
12793,526
12527,526
17968,525
15631,525
17970,525
16504,524
16451,524
16518,524
18181,524
12486,523
17363,523
12571,523
15759,523
12545,523
13034,522
12542,522
14450,522
16226,521
17418,521
16884,521
17342,521
14342,521
13835,520
12979,520
15069,520
13441,520
18160,519
16211,519
17566,518
17837,518
12809,518
12648,518
13259,517
13255,517
16846,517
13200,516
12373,516
15734,516
13940,516
17478,516
15025,515
16835,515
17430,515
17239,515
13386,514
15992,514
15247,514
17076,514
15303,514
17051,513
13867,513
16862,513
14068,513
15280,513
13721,512
15771,512
12763,512
18106,512
13217,512
13778,511
18248,511
17366,510
15713,510
12787,510
14284,510
14557,510
16946,509
14104,509
12525,509
16838,509
15907,509
14115,509
12713,508
15870,508
12697,508
16894,507
14975,507
17777,507
15872,506
12801,505
16024,505
13046,505
17952,504
17443,504
16465,504
16648,503
16018,503
16222,503
13415,502
13720,501
15621,501
15108,499
17420,499
16801,499
12616,498
15275,498
15970,498
13732,498
16784,496
17964,496
14150,496
14615,495
15462,495
14799,495
17003,495
16155,495
12414,495
14959,494
12828,494
17548,494
18284,494
16629,493
12903,493
17392,493
13376,493
15364,493
16924,493
15403,492
13987,492
16763,492
14204,492
13956,491
18190,490
14053,490
17154,490
13502,490
17527,488
13730,488
16624,488
14929,487
15448,487
15584,487
16020,487
14551,487
14600,487
17503,486
17195,486
15184,486
15988,486
14437,486
14821,485
15177,485
13075,485
15649,485
15617,485
16441,484
17181,484
12439,484
14937,484
12871,484
15695,484
14699,484
15492,483
17144,483
12991,483
13821,483
14870,483
16961,482
13780,481
17883,481
17375,480
16603,480
12990,480
15972,480
17391,480
13891,479
15012,479
16720,479
12573,479
12465,479
13877,478
16362,478
15824,478
13101,478
16014,478
16811,477
13980,477
14686,475
15654,475
16777,475
16787,474
12596,474
14813,474
12453,473
17914,473
15774,473
15739,472
15244,472
17531,472
13873,472
17103,471
15087,470
13970,469
15666,469
15542,469
15994,469
13607,468
14220,468
13770,468
14727,468
12745,468
16309,467
17300,467
13631,467
13922,467
14048,467
12890,466
17880,466
13057,466
14664,466
17325,465
15832,465
15127,464
16438,463
16877,463
13927,463
17733,463
14137,462
15124,462
13005,462
12513,462
15568,461
15088,460
14046,460
16261,459
12994,459
13951,459
12777,458
14111,458
12504,458
15278,458
15957,458
16677,457
17382,457
16387,457
16070,457
16399,456
17018,456
14339,456
16704,455
13065,455
13413,455
13300,455
13775,455
16480,455
15175,454
17343,454
16641,454
14871,454
12695,454
13550,454
18043,454
14474,453
15618,453
16431,453
15582,453
13176,453
14381,453
12785,453
18163,452
13976,452
12572,452
12915,452
15915,451
15553,451
13258,451
17492,450
12791,450
16776,450
17681,450
15979,450
18121,450
12537,449
18277,449
13575,449
15938,449
15176,448
12628,448
15075,447
18112,447
12864,447
14430,446
16262,446
15386,446
17749,446
12945,446
12691,445
13613,445
12492,444
15540,444
14586,444
12680,444
17726,444
15723,444
13612,444
17447,443
15224,443
15264,443
15414,443
15751,443
17862,443
17358,442
12450,442
13238,442
15891,442
16623,442
13235,441
15038,441
15508,440
17513,440
18100,440
15309,440
17544,439
15835,439
17783,439
16100,438
12588,438
16227,436
17141,436
16909,436
14428,436
12811,435
14670,434
17929,434
12723,434
18141,433
16895,433
16164,433
17329,432
17638,432
18078,431
14570,431
13986,430
17277,430
17167,429
16602,429
13389,429
13287,429
17489,428
14539,428
15268,428
13204,428
15385,428
14762,428
15207,428
14026,427
13103,426
17187,426
17407,426
13605,425
18049,425
13965,425
14605,424
16882,424
15097,424
16887,424
14034,423
13175,423
14806,423
16031,423
13832,422
15880,422
16142,422
16343,422
17510,422
17270,421
14805,421
16361,421
12920,421
15745,421
15951,420
17194,420
14423,419
13729,419
13512,419
13153,418
14923,418
14931,417
18275,417
17889,417
13299,416
14947,416
17616,416
15071,416
15006,416
17890,416
13236,416
12584,416
15830,415
14592,415
17237,415
12485,414
13945,413
14753,412
14567,412
14712,411
12940,411
15773,410
16141,410
15539,410
13282,410
13637,409
18053,409
15721,409
16039,409
15690,408
13492,408
17824,408
12363,408
17425,407
16513,407
15368,406
14261,406
14093,406
13596,406
13045,405
15837,405
14151,405
15598,404
15576,404
14996,404
17150,403
14749,403
18006,403
16707,402
13569,402
14324,402
17310,402
13598,401
13270,400
17756,400
18017,400
14603,400
14454,400
15952,399
14746,398
17761,398
14133,398
13626,398
17254,398
15945,397
17979,397
13019,397
17779,397
14663,397
16647,396
16685,396
13594,396
15645,396
15840,396
17561,396
13220,396
12667,395
16601,395
17999,395
15282,395
12519,395
18140,395
16135,395
14549,395
17498,394
13525,394
17855,394
17265,394
12792,394
18058,394
16311,394
17891,393
13669,393
15597,393
17116,392
13518,392
17156,391
16127,391
16739,391
16824,390
13934,390
12810,389
16357,389
17081,389
14693,388
16050,388
17708,388
16500,386
17615,386
14683,386
12764,386
15223,385
12479,385
16661,385
14940,384
16198,383
17361,383
17351,383
15174,382
14247,382
18167,382
13277,382
13359,381
15784,381
12941,381
13914,380
13493,380
15429,380
15149,380
14629,380
13622,379
17251,379
13008,379
12815,379
17622,379
17796,379
16193,379
13288,379
14335,379
15393,378
14734,378
15205,378
14372,378
13686,378
14015,378
16009,378
16806,378
16593,377
16680,377
16250,376
14922,376
16885,376
17852,376
14077,376
15450,376
17502,376
15070,375
17333,375
17579,375
13187,375
13264,375
12808,375
12719,374
14742,374
18156,374
17691,373
15361,373
12699,373
16088,373
17771,373
15277,373
14880,373
13768,373
16810,372
13321,372
13070,372
17312,372
15269,372
18183,371
16468,371
15877,371
13245,371
14359,371
17286,371
12922,370
16892,370
13727,370
12879,370
12666,370
16616,370
14803,370
17439,370
14973,369
16802,369
17122,368
15362,368
17678,368
14434,368
15986,368
12735,368
13179,368
15828,367
17200,367
16666,367
14998,367
17495,367
16449,367
13428,366
16568,366
15147,366
17817,365
16230,365
17520,365
17770,365
14965,365
13513,364
12953,364
13584,363
14219,363
14784,363
17524,362
15714,362
13498,362
13480,362
16566,362
14838,362
13487,362
18104,362
14793,361
14067,361
13038,360
13559,360
16573,360
13681,360
16997,360
14508,359
17507,359
18211,359
15246,359
13840,358
13544,358
12556,358
16023,358
15700,357
15624,357
15211,357
15208,356
15107,356
12769,356
15169,356
13974,356
13040,355
14141,355
12624,355
16780,355
14942,354
15592,354
18158,354
14598,354
13894,354
12390,353
15995,353
13595,353
14097,352
17918,352
12446,351
16183,351
15230,351
17572,351
15464,350
13242,350
14984,350
14323,350
14167,350
15154,349
16614,349
16410,348
16586,348
17835,348
15405,348
14529,348
16157,347
16056,347
15428,347
16482,346
16734,346
14023,345
13301,345
16469,345
12420,345
14853,345
15627,344
17717,344
14353,344
12819,344
17963,344
14690,344
15333,344
13558,344
16952,344
13062,343
15656,343
13621,343
17704,343
15099,343
12999,342
15921,342
16936,342
14986,342
12740,342
16278,342
15669,342
13496,341
12410,341
16930,341
16761,341
13453,341
17795,341
13398,341
17127,340
12956,340
13872,339
17484,339
18192,339
15102,339
17525,338
16246,338
18186,338
14358,338
16025,338
16001,337
13537,337
16495,337
12634,337
14932,337
12675,337
15110,337
13444,337
12538,336
17009,336
13710,336
17269,336
12914,336
18162,335
13041,335
18247,335
18222,335
15765,335
14563,335
13733,335
15387,335
15766,334
13474,334
15100,334
15404,334
18056,334
17119,334
13812,333
12797,333
16967,333
14497,332
15683,332
14314,332
18150,332
13904,332
18191,332
13925,331
12440,331
14556,331
15276,331
14594,331
17143,330
13675,330
12368,330
16689,330
14179,330
17989,329
15103,329
15720,329
14319,329
13543,329
13247,328
14458,328
15349,327
15036,327
17035,327
16330,327
15198,327
13194,326
14176,326
15320,326
14416,326
13339,326
14008,326
16968,326
18207,325
14425,325
13356,325
15655,324
17542,324
12786,324
16792,324
13361,324
13524,324
12505,324
13010,323
16576,323
15535,323
17142,323
12608,323
15350,323
16447,323
13950,323
13066,322
17067,322
16545,322
16199,321
16117,321
16185,321
13352,321
15706,321
18090,321
15143,320
15165,320
12658,320
15585,320
14325,320
18271,319
12413,319
15475,319
12743,319
16475,319
14656,318
17064,318
16658,317
16368,317
15066,317
16543,317
17099,317
14881,316
13574,316
13210,316
13978,315
12575,315
13754,315
14296,314
13355,314
15520,314
16785,313
14153,312
13810,312
13853,312
14924,312
14873,311
13828,311
12640,311
18265,311
16412,311
16765,311
16260,311
14951,311
13212,310
13472,310
17557,310
16274,310
18187,310
15467,310
14780,310
17398,310
15430,309
12521,309
17016,309
14581,309
12547,309
17573,308
16298,308
13190,308
14504,308
13083,307
16430,307
15160,307
16820,307
17245,307
14084,306
17466,306
13708,306
14778,306
12790,306
17000,305
17433,305
16781,305
13248,305
13311,305
16178,304
17199,304
13318,304
13734,303
12831,303
13977,303
12904,302
17140,302
13909,302
18232,302
16621,302
17413,302
14079,302
12499,302
13341,301
15037,301
13706,301
16769,301
15973,301
14865,300
17724,300
15458,300
17689,300
16352,300
18031,300
15138,300
13781,300
16445,299
17256,299
18003,299
16921,299
17601,299
13369,298
16080,298
17233,298
15963,298
14302,298
14436,297
13216,297
17643,297
17294,297
15183,297
16021,297
16675,296
12366,296
13765,296
16473,296
13169,296
15842,296
16130,296
13129,296
12738,296
15120,296
17514,295
14599,295
17709,295
17281,295
17295,294
16999,294
17045,294
15517,293
13589,293
16613,293
15300,292
14289,292
15297,292
12859,292
13406,292
17248,292
17431,292
17125,291
13116,291
16965,291
13039,290
14170,290
12601,290
15171,290
15374,290
16346,289
12944,289
14452,289
15533,289
15011,289
15893,288
13514,288
18072,288
13099,288
15794,288
17896,288
13383,288
13820,287
13759,287
15080,287
13350,287
17957,287
15191,287
12461,287
15469,287
15221,287
13713,286
13460,286
14429,286
16993,285
16978,285
12579,285
16708,285
13358,285
12780,285
18013,285
17839,285
15417,284
17437,284
14538,284
15818,284
12800,284
13400,284
14627,284
16413,284
17958,284
15949,284
16030,283
17371,283
12559,283
15342,283
17568,283
16864,283
15894,283
12965,283
18176,283
13670,282
17440,282
14470,282
16324,282
15959,282
14435,282
17458,282
16052,282
16844,281
13809,281
16922,281
12761,281
13385,281
14413,280
16132,280
17637,280
16364,280
12880,279
16526,279
13606,279
13541,279
16870,278
15956,278
16935,278
14528,278
15396,278
13020,278
14518,278
13731,278
16635,277
17776,277
14356,277
17843,276
17214,276
16432,276
15922,276
16679,276
14237,276
13419,275
15966,275
15334,274
13286,274
16816,274
13930,274
13955,274
17718,274
15869,274
17274,273
14654,273
15126,273
13836,273
15213,272
12942,272
13530,272
12508,272
15219,271
16075,271
15511,271
12595,271
15763,271
16406,271
16851,271
12804,271
16310,270
17473,270
18083,270
12855,270
15642,270
17559,270
15236,269
17607,269
13816,269
17660,268
13123,268
17012,268
14080,268
14036,268
14928,268
14398,267
16378,267
17518,267
15446,267
15418,266
18155,266
17479,266
14370,266
13145,266
12566,265
12651,265
17483,265
12734,265
16095,265
14273,264
12654,264
16583,264
16562,264
15917,263
17995,263
14254,263
14706,263
15060,263
17936,262
16063,262
17807,262
14783,262
12612,262
15748,262
17823,262
13073,261
15897,261
14552,261
17052,261
12351,261
18108,261
14287,261
16022,261
15881,260
12491,260
12403,260
14848,260
13565,260
17773,260
14531,260
15346,260
17981,260
14985,260
15775,260
14752,260
14228,260
16524,260
16321,259
18059,258
18048,258
15204,258
13789,258
12459,258
13142,258
15960,258
16552,258
14569,258
14968,258
15109,258
16538,257
17355,257
13545,257
17563,256
17136,256
13205,256
12707,256
16632,256
14731,256
16305,256
14369,255
17617,255
14317,255
16847,255
18165,254
12650,254
13043,254
14199,254
16216,254
16402,254
18033,253
13642,253
15968,253
13367,253
15377,253
13271,253
16819,253
18029,253
13121,252
17266,252
18007,252
16472,252
16773,252
12930,252
18127,252
14331,252
17380,252
16502,251
16536,251
17898,251
15488,251
15472,251
14523,251
14361,251
15762,251
14949,250
16148,250
18050,250
18119,250
18101,250
14958,249
16850,249
16706,249
12897,249
16046,248
16116,248
13948,248
14807,247
17729,247
13262,247
15016,247
18206,246
15715,246
14230,246
15643,246
16804,246
14082,246
12882,246
13618,246
17711,246
15035,245
15115,245
16803,245
17014,245
17441,245
15923,244
17935,244
17945,244
16038,244
13221,244
14213,244
16561,244
13833,244
17376,244
15975,243
15878,243
17210,243
16026,243
16060,243
15589,243
12448,243
16890,243
12981,242
14241,242
15756,242
12441,242
13604,242
15536,242
18264,241
13025,241
14636,241
17207,241
17482,241
17394,241
14981,241
15667,240
13325,240
14578,240
16590,240
15920,240
12376,240
15918,240
13738,240
14402,240
12554,240
12898,240
16436,239
15042,238
18228,238
14024,238
17614,238
15545,238
16815,238
17393,238
14910,238
17736,238
17359,237
16926,237
16667,237
12923,237
14545,236
15556,236
15266,236
12478,236
16111,236
12361,235
14311,235
16492,235
15962,235
15512,235
13684,235
14976,234
14123,234
15029,234
12730,234
17070,234
13981,234
12729,233
15188,233
15942,232
14860,232
12824,232
17793,232
13315,232
18213,232
14809,232
16939,232
18111,232
15470,232
12419,231
13106,231
16322,231
13698,231
13597,231
17693,231
16423,230
15461,230
15419,230
14310,230
15055,230
15092,230
17595,229
16913,229
17301,229
16932,229
13171,229
14537,228
13917,228
14660,228
13964,228
14074,228
16304,228
15447,228
17785,227
15048,227
17264,227
15634,227
17462,227
16408,227
16596,227
13961,226
15225,226
17477,225
17171,225
13861,225
13349,225
13390,224
16478,224
14018,224
16272,224
13484,224
17580,224
17849,224
15717,224
17476,224
12844,223
15567,223
14148,223
17911,223
15969,223
17547,223
15883,223
15360,223
12943,222
17223,222
17928,222
15682,222
13449,222
15047,222
14722,222
17740,222
18128,221
15725,221
13834,221
18243,221
15648,221
17874,221
14960,221
15780,220
15825,220
17168,220
17114,219
12535,219
15158,219
13699,219
15557,219
12817,219
14954,219
14377,219
17453,219
14720,219
14303,218
14149,218
13677,218
17072,218
13741,218
15262,218
15000,218
13796,218
14192,218
13432,217
18098,217
15216,217
17060,216
17296,216
18132,216
15477,216
15273,216
17335,216
17347,216
12661,216
15743,216
17912,216
16084,216
13251,215
17712,215
16829,215
18246,214
14620,214
12686,214
12741,214
17778,214
16750,214
16433,214
14979,213
12617,213
17344,213
17976,212
17094,212
15783,212
16424,212
12353,212
14777,212
15691,212
16522,212
14521,211
14058,211
16006,211
14171,211
17788,211
15936,211
16334,211
16615,211
13817,211
16565,211
12436,211
13261,210
12895,210
14354,210
13921,210
15018,210
15650,210
17549,210
16137,210
14494,210
14463,210
17687,210
13563,209
18270,209
16690,209
13657,209
16798,209
12837,209
13416,208
16192,208
17832,208
15090,208
14169,208
15139,208
17699,208
12493,207
15689,207
14761,206
15501,206
16297,206
15735,206
12593,206
12445,206
13553,206
13347,205
13933,205
13998,204
12845,204
13879,204
13865,204
13197,204
13283,204
13533,204
14926,204
18147,203
16758,203
17232,203
12718,203
15821,202
16414,202
17626,202
14718,202
18255,201
12604,201
16481,201
17536,201
13002,201
13281,201
17385,201
13182,201
16990,200
12850,200
13068,200
14989,200
15337,200
17186,200
18216,200
16263,200
17474,200
16484,200
16078,200
17786,200
18153,200
13228,200
16452,199
18250,199
15711,199
16425,199
16318,199
17789,199
15121,199
13274,199
12760,198
17446,198
13454,198
18011,198
15546,198
15054,198
17767,198
16267,198
13143,198
15423,198
15153,198
14029,198
13445,198
17967,198
15130,197
12715,197
12350,197
12827,197
16437,197
14270,197
15440,197
17765,197
15041,197
17845,196
14927,196
15234,196
14411,196
15242,196
12883,196
12558,196
16808,196
13844,196
12832,195
17278,195
17804,195
15200,195
17435,195
18081,195
14173,194
12788,194
16778,194
15495,194
13029,194
18280,194
17403,194
12522,194
17309,193
14846,193
14694,193
13080,193
14483,193
17252,193
18205,192
13864,192
17752,192
14039,192
13774,192
15155,192
12529,192
17486,191
18201,191
17915,191
17197,191
14991,191
13990,190
12447,190
13433,190
16683,190
13893,190
15217,190
14764,190
16972,190
15231,190
14294,190
16915,190
16356,190
17276,189
18067,189
17040,189
14614,189
14238,189
12751,189
16753,189
13540,189
17339,188
18254,188
17219,188
14288,188
17257,188
15323,188
17258,188
16674,188
17917,187
14052,187
14471,187
15148,187
13972,187
16476,187
16405,187
13482,187
14724,187
18110,186
18018,186
16796,186
17988,186
15163,186
13923,185
17229,185
16695,185
12452,185
18024,184
18164,184
17662,184
14888,184
17556,184
15010,184
17468,184
16236,184
16597,184
18185,183
13837,183
14348,183
14703,183
15943,183
17985,183
12796,182
17636,182
16982,182
12443,182
16158,182
12442,182
13885,182
16893,182
13825,182
13845,182
14908,182
16247,182
14697,181
16876,181
12663,181
13024,181
14444,180
16757,180
13508,180
14042,180
13346,180
13177,180
14835,180
14647,180
13683,180
12961,180
13111,180
15781,180
17022,180
18256,180
16832,179
16355,179
16448,179
14678,179
17577,179
14491,179
17283,179
14840,179
14526,179
13332,179
13226,179
14274,178
17436,178
15293,178
12375,178
13504,178
15746,178
17475,178
13207,178
14119,177
15437,177
13697,177
12561,177
14094,177
12907,177
14010,177
14575,176
17973,176
12677,176
16113,176
16799,176
17872,176
16519,176
13412,176
14801,175
15319,175
15308,175
13616,175
16604,175
13323,175
15908,174
13968,174
12487,174
15859,174
12365,174
13773,174
14182,174
12736,173
13718,173
16166,173
12367,173
16541,173
14819,173
14681,172
16721,172
16957,172
17899,171
14263,171
15989,171
13150,171
13181,171
14877,171
16856,171
16822,171
16528,171
12460,170
16044,170
16123,170
16234,170
14616,170
15543,169
15085,169
14830,169
15709,169
18021,169
16760,168
16534,168
16857,168
17196,168
17947,168
14601,168
14391,168
13801,168
17250,168
16845,167
17885,167
18182,167
16382,167
18212,167
13859,167
18197,166
14202,166
15552,166
14638,166
16313,165
12665,165
13603,164
15863,164
15958,164
14468,164
16855,164
15072,164
16582,164
15928,164
12812,164
18076,164
17745,164
14736,164
16783,163
16487,163
17408,163
14876,162
16259,162
15507,162
17383,162
13494,162
12602,162
14558,162
17821,162
15206,162
16627,162
12821,162
13234,162
14501,161
15659,161
16911,161
17893,161
12581,161
14666,161
13570,161
13483,160
17501,160
14886,160
12851,160
13962,160
14012,160
14757,160
14218,160
13372,159
17569,159
15019,159
14385,159
12498,159
16599,159
15604,159
17267,159
16962,158
13056,158
15884,158
16826,158
14322,158
13645,158
13079,158
17630,158
16988,158
16302,158
16252,158
17710,158
17780,158
16404,157
13957,157
16865,157
18015,157
16342,157
14945,156
12833,156
13792,156
16427,156
17106,156
13899,156
15926,155
17680,155
17766,155
13086,155
17374,155
13992,154
17118,154
15961,154
16091,154
13667,154
13146,154
15566,153
14043,153
12532,153
17471,153
13944,153
13273,153
17357,153
18146,153
17170,152
15740,152
13751,152
14318,152
13807,152
18269,152
16181,152
14826,152
16585,151
15295,151
17792,151
15014,151
13785,151
17367,150
15338,150
17650,150
16544,150
17551,150
13954,150
14271,149
13896,149
15914,149
12852,149
18099,149
14003,149
17104,149
12946,149
16606,148
15454,148
15609,148
14357,148
17134,148
14874,148
15504,148
18040,148
16943,147
14168,147
14268,147
17751,147
13887,147
13170,147
16888,147
14622,146
14520,146
16793,146
16696,146
16323,146
18261,146
16640,146
17564,146
17030,146
18281,146
13997,146
18157,146
13843,145
15359,145
13691,145
14992,145
15662,145
17684,145
17833,145
18285,145
12927,145
12807,145
18126,144
15753,144
15595,144
13084,144
17303,144
17925,144
15193,144
15487,144
17600,144
15161,144
12869,144
13095,144
17948,144
18113,144
13625,144
13147,144
12756,144
13366,144
16605,144
17808,143
14197,143
16315,143
14964,143
16577,142
14162,142
14196,142
16542,142
17798,142
15258,142
17903,142
13960,142
13260,142
17110,142
16977,142
18045,142
13423,141
13345,141
16328,141
13827,141
16687,141
17285,140
16194,140
15166,140
17326,140
18273,140
14200,140
13326,140
17923,140
12938,140
13307,140
16457,140
13275,140
12892,140
18278,140
16207,140
18159,139
15888,139
12825,139
16453,139
15930,139
12900,139
14677,139
17506,139
15776,138
16069,138
12672,138
18047,138
13672,138
13716,138
18266,138
12411,138
17840,138
15692,138
12750,137
15616,137
13660,137
13766,137
12799,137
13348,136
15503,136
12988,136
17535,136
12544,136
14950,136
15619,136
14812,136
17488,136
14765,135
18267,135
13374,135
13905,135
15853,135
13343,135
17882,134
15844,134
16189,134
16581,134
14089,134
14433,134
17112,134
12387,134
13252,134
14612,134
13556,134
17538,134
18028,133
17273,133
12564,133
14061,133
15304,133
13519,133
15457,132
14863,132
14843,132
14476,132
15670,132
17026,132
15728,132
12416,132
12977,131
12958,131
14278,131
15515,131
15196,131
17992,131
17292,131
12515,131
15982,131
13067,131
14073,130
17124,130
13724,130
13688,130
15378,130
17895,130
14990,130
12495,130
13532,129
12962,129
13928,129
17762,129
14919,129
17057,129
12467,129
14059,128
12816,128
15820,128
13703,128
18249,128
13237,128
18253,128
17753,128
18134,128
15603,128
15697,127
16731,127
14184,127
14791,127
17619,127
12660,127
13578,127
13127,127
17859,127
18240,126
13886,126
17598,126
15866,126
16937,126
12384,126
13387,125
17098,125
14982,125
13737,125
16827,125
12889,124
15647,124
15902,124
16925,123
14269,123
14242,123
13060,123
15726,123
15528,123
16195,123
14962,123
16421,123
16089,122
17330,122
17053,122
15731,122
14181,122
16390,122
17772,122
12996,122
14804,121
17910,121
15098,121
15577,121
15459,121
17384,121
16914,121
15442,120
15929,120
13164,120
15285,120
15744,120
16420,120
13399,120
13009,120
17120,120
15096,120
15954,119
16579,119
17810,119
16373,119
13581,119
13673,119
17185,119
15890,119
13289,119
15931,118
15445,118
13661,118
14131,118
17010,118
14635,118
14500,117
13322,117
12430,117
17271,117
17982,117
15724,117
16645,117
16840,117
14767,117
13351,117
13063,116
15344,116
15327,116
16740,116
16868,116
15519,116
16507,116
14789,116
13442,115
13191,115
15788,115
15935,115
16403,114
15229,114
15790,114
18238,114
14122,114
17415,114
17688,114
15045,114
13403,114
14392,114
16956,114
16540,114
14782,114
17093,114
17741,114
16490,113
17087,113
16547,113
18203,113
12563,113
13608,113
15699,113
17820,112
16381,112
16733,112
17993,112
15020,112
12464,112
14786,112
12732,111
16557,111
17748,111
13404,111
18200,111
14252,111
14630,111
12698,111
12834,110
15772,110
17670,110
13119,110
16243,110
13973,109
18088,109
15391,109
17892,109
12959,109
17701,109
15460,109
12773,109
18000,109
17737,108
16752,108
13640,108
17983,108
17927,108
16578,108
12995,108
12899,108
17240,108
13250,108
15412,108
16371,108
13061,107
13671,107
17721,107
16299,107
13582,106
17121,106
13628,106
18086,106
17247,106
15663,106
16508,106
15408,106
13161,106
15463,106
12690,106
14957,105
14858,105
12489,105
14363,105
12659,105
16998,104
13926,104
16215,104
17153,104
13676,104
14879,104
14098,104
14448,104
12771,104
12974,104
17215,104
14330,103
13003,103
13903,103
15924,103
14995,103
14674,103
18282,103
15702,103
17208,103
16479,102
17517,102
15302,102
12768,102
13679,102
13674,102
16673,101
16280,101
16286,101
17178,101
15778,101
13420,101
13841,100
17991,100
14362,100
13105,100
13470,100
16663,100
13906,100
12551,100
14705,100
12887,100
14405,100
14637,100
15316,100
14797,99
18199,99
17953,99
14774,99
12512,99
13227,99
16179,99
17875,98
17261,98
13033,98
15496,98
15909,98
17877,98
17803,98
15294,97
16289,97
14118,97
12746,97
16517,96
12618,96
17743,96
13847,96
14707,96
14632,96
15588,96
13215,96
13298,96
13272,96
17816,96
16443,96
13457,96
14814,96
12893,96
14633,96
18054,96
15086,95
15718,95
18089,95
12470,95
15688,95
17217,95
14822,94
16338,94
15209,94
13943,94
14041,94
15964,94
14174,94
15895,94
15925,93
17668,93
13638,93
17066,93
15401,93
18005,93
17698,93
17697,93
16691,92
15432,92
15256,92
17830,92
17868,91
14517,91
16217,91
16617,91
12400,91
14726,91
13284,91
14889,90
17818,90
14486,90
18166,90
14641,90
14983,90
17916,90
15263,89
17842,89
14172,88
18274,88
14253,88
16976,88
14109,88
13218,88
15119,88
14604,88
15388,88
14457,88
14999,88
15131,88
17836,88
14823,88
15328,88
12552,88
14473,88
16097,87
16337,87
17055,87
14070,86
14349,86
15558,86
13087,86
18070,86
17328,86
15490,85
17944,85
13852,85
16238,85
18038,85
17826,85
13592,84
15904,84
14747,84
13619,84
15431,84
15336,84
14166,84
14785,84
15348,84
15343,84
15375,84
14779,84
15135,84
15212,84
12954,83
13195,83
14445,83
13746,83
16388,83
17647,82
14772,82
16649,82
15052,82
13547,82
14438,82
13826,82
14519,82
13392,82
17065,82
18208,82
15905,82
17148,82
16874,81
14617,81
15345,81
15001,81
16741,81
15056,81
14076,81
16920,81
16396,80
15335,80
14203,80
14602,80
18174,80
12565,80
12655,80
16051,80
13701,80
14941,80
18234,80
15846,79
15451,79
17628,79
14596,79
14980,79
17249,79
13646,79
14892,79
17166,78
15899,78
18004,78
16248,78
18027,78
15684,77
14406,77
17574,77
17206,76
13739,76
12888,76
14642,76
17036,76
13436,76
17128,76
17417,76
15875,76
15340,76
13088,76
14689,76
12614,76
18152,75
12966,75
13858,75
17946,75
15324,74
16375,74
13702,74
16106,74
13306,74
14955,74
13529,74
17280,74
15162,74
15554,74
14811,74
13114,74
13620,74
16439,74
14582,73
14017,73
16559,73
12392,73
13279,73
16897,73
17184,73
16598,73
12968,73
15937,73
17900,73
17304,73
18002,72
17784,72
17575,72
14884,72
15112,72
13051,72
15686,72
15509,72
17275,72
14613,72
12641,72
13411,72
16659,72
14559,72
17775,72
16971,72
16630,72
13932,72
17291,72
16786,72
16319,72
15560,72
13653,72
14117,72
14090,72
15668,72
17605,71
15257,71
15226,71
13364,71
14485,71
16587,71
15741,70
18175,70
16974,70
16002,70
13938,70
13568,70
15927,69
18224,69
13072,69
18042,69
12622,69
17024,69
15007,69
16724,69
14259,68
18014,68
17586,68
13907,68
14516,68
13747,68
14728,68
17587,68
17117,68
13811,68
12795,68
14495,68
15770,67
13690,67
18020,67
17565,67
17297,67
15851,67
18030,67
12902,66
18107,66
17455,66
15610,66
13967,66
16610,66
15703,66
17395,66
16090,65
14750,65
17224,65
14072,65
14751,65
15548,64
16509,64
13560,64
14100,64
18148,64
16594,64
15534,63
14574,63
17933,63
15017,63
13794,63
15583,63
18012,63
15049,63
13229,63
12858,63
17904,63
12603,63
17493,62
15705,62
14027,62
14588,62
14464,62
15733,62
14054,62
17543,62
17971,62
13651,62
14183,61
12574,61
18169,61
16908,61
16866,60
17960,60
18195,60
15593,60
15852,60
15499,60
13818,60
17620,60
18184,60
15941,60
13511,60
17657,60
17318,60
16651,60
16973,60
15565,60
15698,60
18010,60
16285,60
15409,59
16828,59
18137,59
14721,59
17327,59
13007,59
17497,59
14787,59
15438,59
16459,59
16665,59
14069,59
16537,59
16516,58
18209,58
15591,58
12848,58
16867,58
14833,58
14394,58
14340,58
14333,58
15868,57
14571,57
13866,57
14378,57
16237,57
15063,56
16064,56
13806,56
14579,56
12964,56
15474,56
16852,56
15292,56
13160,56
12969,55
18114,55
13133,55
17234,55
13006,55
12509,55
17583,55
17202,55
15286,55
14165,54
15816,54
14386,54
13331,54
16294,54
17558,54
13125,54
15435,54
17182,54
13757,54
13666,54
14773,53
12774,53
13779,53
16312,53
17938,53
14652,53
12702,53
15578,52
15168,52
17844,52
16363,52
13469,52
14280,52
13058,52
16068,52
14768,52
15612,52
13793,52
12587,51
15742,51
18124,51
14187,50
13193,50
14376,50
16397,50
13714,50
14345,50
17959,49
14668,49
12548,49
17922,49
17390,49
15541,49
12814,49
14453,49
16959,49
16964,49
13380,48
15250,48
16831,48
13017,48
18129,48
17336,48
16219,48
13241,48
14424,48
18063,48
17279,48
14900,48
16886,48
16073,48
16213,48
12568,48
14347,48
13172,48
15729,47
14658,47
15758,47
13053,47
13830,47
14279,46
16273,46
14943,46
17794,46
15848,46
17541,46
17192,46
18105,46
12776,46
15892,46
17791,46
13580,45
14836,45
15355,45
16498,45
14066,45
17879,45
14281,45
15317,45
16622,44
16483,44
13522,44
18046,44
13947,44
13076,44
17316,44
16251,44
14974,44
17253,43
15082,43
16114,43
15352,43
12884,43
13254,43
16901,42
16506,42
17151,42
18032,42
17606,42
15564,42
13180,42
15991,41
16301,41
13312,41
17909,41
16591,41
17763,41
17174,41
17654,41
14760,40
14972,40
14536,40
14743,40
17939,40
16564,40
15486,40
15305,40
17177,40
13586,39
16082,39
16074,39
15083,38
13244,38
14509,38
15479,38
17901,38
18138,38
16489,38
17592,38
17942,38
13036,38
15307,37
17487,37
18037,37
17972,37
12929,37
17246,36
17077,36
15685,36
13876,36
12692,36
14368,36
14207,36
13551,36
17263,36
16662,36
12789,36
17225,36
14661,35
16963,35
17089,35
13022,35
17401,34
17781,34
14371,34
17427,34
16035,33
16849,33
13257,33
15170,33
12894,33
12496,33
16277,33
17881,32
14717,32
14300,32
13130,32
16789,32
15761,31
12934,31
13128,31
18120,31
17108,31
12973,31
15178,30
13071,30
17887,30
14143,30
17532,30
14384,30
13222,30
15693,30
13144,29
17847,29
13912,29
15537,29
15524,28
15094,28
15283,27
12860,27
16944,27
16697,27
15516,27
15843,27
12861,27
17056,26
16694,26
16196,26
13011,26
17494,26
12984,26
13303,26
15836,26
17906,26
15313,25
13490,25
14155,25
13839,25
13188,25
14106,24
14576,24
15833,24
15999,24
16664,24
13915,24
17008,24
17079,24
16171,24
15526,24
16486,24
17533,24
14266,24
15657,24
16339,23
18103,23
12506,23
17260,23
17216,22
18227,22
14946,22
16055,22
14650,22
14993,21
12881,21
12992,21
17467,20
16093,20
14374,20
13132,20
15779,20
15397,20
17074,19
16061,19
13609,19
16288,19
14542,19
17149,18
16058,18
16896,18
16028,18
14795,17
15395,17
14977,17
17500,17
14373,17
16530,17
14366,16
17331,16
16144,16
16462,16
14007,16
14610,15
17352,15
17319,14
16821,13
14393,13
17747,12
13302,12
13120,12
15371,12
14351,12
15233,12
16878,12
16941,12
13185,12
17831,12
13829,12
16970,12
14144,12
13219,11
12401,11
17599,11
13112,11
14589,10
17986,10
13535,10
13682,10
15672,10
13913,10
16953,10
13438,10
16454,9
16429,9
16349,9
18019,7
13096,6
16548,6
13452,6
15575,6
14185,6
16417,6
18068,6
15871,5
17129,5
15284,5
15635,5
14816,5
16162,4
15940,4
13391,4
18233,4
18115,3
15354,3
15455,3
15202,3
14580,3
15913,3
16738,3
13163,3
16257,2
14308,2
17102,2
15760,2
14792,2
13776,2
16165,2
15510,2
14802,2
14190,2
12737,2
17846,1
16291,1
12918,1
17570,1
12466,1
12555,1
14095,1
14086,1
14380,1
14906,1
15802,1
12606,1
13788,1
17956,1
12846,1
12570,1
14255,1
13290,1
14832,1
12404,1
16047,1
14328,1
12636,1
17378,1
15040,1
